23-Mar-2026 08:00:16.466 INFO [main] org.apache.catalina.startup.VersionLoggerListener.log Server version name:   Apache Tomcat/10.1.52
23-Mar-2026 08:00:16.475 INFO [main] org.apache.catalina.startup.VersionLoggerListener.log Server built:          Jan 23 2026 19:29:07 UTC
23-Mar-2026 08:00:16.476 INFO [main] org.apache.catalina.startup.VersionLoggerListener.log Server version number: 10.1.52.0
23-Mar-2026 08:00:16.478 INFO [main] org.apache.catalina.startup.VersionLoggerListener.log OS Name:               Windows 11
23-Mar-2026 08:00:16.479 INFO [main] org.apache.catalina.startup.VersionLoggerListener.log OS Version:            10.0
23-Mar-2026 08:00:16.480 INFO [main] org.apache.catalina.startup.VersionLoggerListener.log Architecture:          amd64
23-Mar-2026 08:00:16.481 INFO [main] org.apache.catalina.startup.VersionLoggerListener.log Java Home:             C:\Program Files\Java\jdk-25.0.2
23-Mar-2026 08:00:16.483 INFO [main] org.apache.catalina.startup.VersionLoggerListener.log JVM Version:           25.0.2+10-LTS-69
23-Mar-2026 08:00:16.484 INFO [main] org.apache.catalina.startup.VersionLoggerListener.log JVM Vendor:            Oracle Corporation
23-Mar-2026 08:00:16.488 INFO [main] org.apache.catalina.startup.VersionLoggerListener.log CATALINA_BASE:         C:\Users\ashwi\OneDrive\Documents\SpringMvcHelloWorld1\apache-tomcat-10.1.52
23-Mar-2026 08:00:16.490 INFO [main] org.apache.catalina.startup.VersionLoggerListener.log CATALINA_HOME:         C:\Users\ashwi\OneDrive\Documents\SpringMvcHelloWorld1\apache-tomcat-10.1.52
23-Mar-2026 08:00:16.534 INFO [main] org.apache.catalina.startup.VersionLoggerListener.log Command line argument: -Djava.util.logging.config.file=C:\Users\ashwi\OneDrive\Documents\SpringMvcHelloWorld1\apache-tomcat-10.1.52\conf\logging.properties
23-Mar-2026 08:00:16.535 INFO [main] org.apache.catalina.startup.VersionLoggerListener.log Command line argument: -Djava.util.logging.manager=org.apache.juli.ClassLoaderLogManager
23-Mar-2026 08:00:16.535 INFO [main] org.apache.catalina.startup.VersionLoggerListener.log Command line argument: -Djdk.tls.ephemeralDHKeySize=2048
23-Mar-2026 08:00:16.536 INFO [main] org.apache.catalina.startup.VersionLoggerListener.log Command line argument: -Djava.protocol.handler.pkgs=org.apache.catalina.webresources
23-Mar-2026 08:00:16.537 INFO [main] org.apache.catalina.startup.VersionLoggerListener.log Command line argument: -Dsun.io.useCanonCaches=false
23-Mar-2026 08:00:16.537 INFO [main] org.apache.catalina.startup.VersionLoggerListener.log Command line argument: --add-opens=java.base/java.lang=ALL-UNNAMED
23-Mar-2026 08:00:16.537 INFO [main] org.apache.catalina.startup.VersionLoggerListener.log Command line argument: --add-opens=java.base/java.lang.reflect=ALL-UNNAMED
23-Mar-2026 08:00:16.538 INFO [main] org.apache.catalina.startup.VersionLoggerListener.log Command line argument: --add-opens=java.base/java.io=ALL-UNNAMED
23-Mar-2026 08:00:16.538 INFO [main] org.apache.catalina.startup.VersionLoggerListener.log Command line argument: --add-opens=java.base/java.util=ALL-UNNAMED
23-Mar-2026 08:00:16.538 INFO [main] org.apache.catalina.startup.VersionLoggerListener.log Command line argument: --add-opens=java.base/java.util.concurrent=ALL-UNNAMED
23-Mar-2026 08:00:16.539 INFO [main] org.apache.catalina.startup.VersionLoggerListener.log Command line argument: --add-opens=java.rmi/sun.rmi.transport=ALL-UNNAMED
23-Mar-2026 08:00:16.540 INFO [main] org.apache.catalina.startup.VersionLoggerListener.log Command line argument: -Dcatalina.base=C:\Users\ashwi\OneDrive\Documents\SpringMvcHelloWorld1\apache-tomcat-10.1.52
23-Mar-2026 08:00:16.540 INFO [main] org.apache.catalina.startup.VersionLoggerListener.log Command line argument: -Dcatalina.home=C:\Users\ashwi\OneDrive\Documents\SpringMvcHelloWorld1\apache-tomcat-10.1.52
23-Mar-2026 08:00:16.541 INFO [main] org.apache.catalina.startup.VersionLoggerListener.log Command line argument: -Djava.io.tmpdir=C:\Users\ashwi\OneDrive\Documents\SpringMvcHelloWorld1\apache-tomcat-10.1.52\temp
23-Mar-2026 08:00:16.570 INFO [main] org.apache.catalina.core.AprLifecycleListener.lifecycleEvent The Apache Tomcat Native library which allows using OpenSSL was not found on the java.library.path: [C:\Program Files\Java\jdk-25.0.2\bin;C:\WINDOWS\Sun\Java\bin;C:\WINDOWS\system32;C:\WINDOWS;C:\Program Files\Common Files\Oracle\Java\javapath;C:\Program Files\Eclipse Adoptium\jdk-17.0.17.10-hotspot\bin;C:\Python314\Scripts\;C:\Python314\;C:\WINDOWS\system32;C:\WINDOWS;C:\WINDOWS\System32\Wbem;C:\WINDOWS\System32\WindowsPowerShell\v1.0\;C:\WINDOWS\System32\OpenSSH\;C:\Program Files (x86)\Microsoft SQL Server\160\Tools\Binn\;C:\Program Files\Microsoft SQL Server\160\Tools\Binn\;C:\Program Files\Microsoft SQL Server\Client SDK\ODBC\170\Tools\Binn\;C:\Program Files\Microsoft SQL Server\160\DTS\Binn\;D:\bin;D:\Git\cmd;D:\NodeJS\;C:\ProgramData\chocolatey\bin;C:\Program Files\apache-maven-3.9.14\bin;C:\Users\ashwi\AppData\Local\Microsoft\WindowsApps;C:\Users\ashwi\AppData\Local\Programs\Microsoft VS Code\bin;C:\Program Files\Azure Data Studio\bin;C:\MinGW\bin;C:\Users\ashwi\AppData\Roaming\npm;C:\Users\ashwi\AppData\Local\Android\Sdk\platform-tools;C:\Users\ashwi\AppData\Local\Programs\Antigravity\bin;.]
23-Mar-2026 08:00:17.486 INFO [main] org.apache.coyote.AbstractProtocol.init Initializing ProtocolHandler ["http-nio-8080"]
23-Mar-2026 08:00:17.564 INFO [main] org.apache.catalina.startup.Catalina.load Server initialization in [1684] milliseconds
23-Mar-2026 08:00:17.739 INFO [main] org.apache.catalina.core.StandardService.startInternal Starting service [Catalina]
23-Mar-2026 08:00:17.741 INFO [main] org.apache.catalina.core.StandardEngine.startInternal Starting Servlet engine: [Apache Tomcat/10.1.52]
23-Mar-2026 08:00:17.847 INFO [main] org.apache.catalina.startup.HostConfig.deployWAR Deploying web application archive [C:\Users\ashwi\OneDrive\Documents\SpringMvcHelloWorld1\apache-tomcat-10.1.52\webapps\SpringMvcHelloWorld.war]
23-Mar-2026 08:00:27.029 INFO [main] org.apache.jasper.servlet.TldScanner.scanJars At least one JAR was scanned for TLDs yet contained no TLDs. Enable debug logging for this logger for a complete list of JARs that were scanned but no TLDs were found in them. Skipping unneeded JARs during scanning can improve startup time and JSP compilation time.
23-Mar-2026 08:00:28.484 INFO [main] org.springframework.web.servlet.FrameworkServlet.initServletBean Initializing Servlet 'dispatcher'
23-Mar-2026 08:00:34.289 INFO [main] org.springframework.web.servlet.FrameworkServlet.initServletBean Completed initialization in 5805 ms
23-Mar-2026 08:00:34.356 INFO [main] org.apache.catalina.startup.HostConfig.deployWAR Deployment of web application archive [C:\Users\ashwi\OneDrive\Documents\SpringMvcHelloWorld1\apache-tomcat-10.1.52\webapps\SpringMvcHelloWorld.war] has finished in [16,497] ms
23-Mar-2026 08:00:34.356 INFO [main] org.apache.catalina.startup.HostConfig.deployDirectory Deploying web application directory [C:\Users\ashwi\OneDrive\Documents\SpringMvcHelloWorld1\apache-tomcat-10.1.52\webapps\docs]
23-Mar-2026 08:00:34.538 INFO [main] org.apache.catalina.startup.HostConfig.deployDirectory Deployment of web application directory [C:\Users\ashwi\OneDrive\Documents\SpringMvcHelloWorld1\apache-tomcat-10.1.52\webapps\docs] has finished in [182] ms
23-Mar-2026 08:00:34.538 INFO [main] org.apache.catalina.startup.HostConfig.deployDirectory Deploying web application directory [C:\Users\ashwi\OneDrive\Documents\SpringMvcHelloWorld1\apache-tomcat-10.1.52\webapps\examples]
23-Mar-2026 08:00:37.519 INFO [main] org.apache.catalina.startup.HostConfig.deployDirectory Deployment of web application directory [C:\Users\ashwi\OneDrive\Documents\SpringMvcHelloWorld1\apache-tomcat-10.1.52\webapps\examples] has finished in [2,981] ms
23-Mar-2026 08:00:37.519 INFO [main] org.apache.catalina.startup.HostConfig.deployDirectory Deploying web application directory [C:\Users\ashwi\OneDrive\Documents\SpringMvcHelloWorld1\apache-tomcat-10.1.52\webapps\host-manager]
23-Mar-2026 08:00:37.699 INFO [main] org.apache.catalina.startup.HostConfig.deployDirectory Deployment of web application directory [C:\Users\ashwi\OneDrive\Documents\SpringMvcHelloWorld1\apache-tomcat-10.1.52\webapps\host-manager] has finished in [180] ms
23-Mar-2026 08:00:37.699 INFO [main] org.apache.catalina.startup.HostConfig.deployDirectory Deploying web application directory [C:\Users\ashwi\OneDrive\Documents\SpringMvcHelloWorld1\apache-tomcat-10.1.52\webapps\manager]
23-Mar-2026 08:00:37.871 INFO [main] org.apache.catalina.startup.HostConfig.deployDirectory Deployment of web application directory [C:\Users\ashwi\OneDrive\Documents\SpringMvcHelloWorld1\apache-tomcat-10.1.52\webapps\manager] has finished in [172] ms
23-Mar-2026 08:00:37.871 INFO [main] org.apache.catalina.startup.HostConfig.deployDirectory Deploying web application directory [C:\Users\ashwi\OneDrive\Documents\SpringMvcHelloWorld1\apache-tomcat-10.1.52\webapps\ROOT]
23-Mar-2026 08:00:38.013 INFO [main] org.apache.catalina.startup.HostConfig.deployDirectory Deployment of web application directory [C:\Users\ashwi\OneDrive\Documents\SpringMvcHelloWorld1\apache-tomcat-10.1.52\webapps\ROOT] has finished in [142] ms
23-Mar-2026 08:00:38.031 INFO [main] org.apache.coyote.AbstractProtocol.start Starting ProtocolHandler ["http-nio-8080"]
23-Mar-2026 08:00:38.135 INFO [main] org.apache.catalina.startup.Catalina.start Server startup in [20564] milliseconds
23-Mar-2026 08:18:41.176 INFO [Catalina-utility-2] org.apache.catalina.startup.HostConfig.undeploy Undeploying context []
23-Mar-2026 08:18:41.392 SEVERE [Catalina-utility-2] org.apache.catalina.startup.ExpandWar.deleteDir [C:\Users\ashwi\OneDrive\Documents\SpringMvcHelloWorld1\apache-tomcat-10.1.52\work\Catalina\localhost\ROOT] could not be completely deleted. The presence of the remaining files may cause problems
23-Mar-2026 08:18:41.392 SEVERE [Catalina-utility-2] org.apache.catalina.startup.ExpandWar.delete [C:\Users\ashwi\OneDrive\Documents\SpringMvcHelloWorld1\apache-tomcat-10.1.52\work\Catalina\localhost\ROOT] could not be completely deleted. The presence of the remaining files may cause problems
23-Mar-2026 08:18:41.409 INFO [Catalina-utility-2] org.apache.catalina.startup.HostConfig.undeploy Undeploying context [/SpringMvcHelloWorld]
23-Mar-2026 08:18:41.508 SEVERE [Catalina-utility-2] org.apache.catalina.startup.ExpandWar.deleteDir [C:\Users\ashwi\OneDrive\Documents\SpringMvcHelloWorld1\apache-tomcat-10.1.52\work\Catalina\localhost\SpringMvcHelloWorld\org\apache\jsp\WEB_002dINF\views] could not be completely deleted. The presence of the remaining files may cause problems
23-Mar-2026 08:18:41.509 SEVERE [Catalina-utility-2] org.apache.catalina.startup.ExpandWar.deleteDir [C:\Users\ashwi\OneDrive\Documents\SpringMvcHelloWorld1\apache-tomcat-10.1.52\work\Catalina\localhost\SpringMvcHelloWorld\org\apache\jsp\WEB_002dINF] could not be completely deleted. The presence of the remaining files may cause problems
23-Mar-2026 08:18:41.513 SEVERE [Catalina-utility-2] org.apache.catalina.startup.ExpandWar.deleteDir [C:\Users\ashwi\OneDrive\Documents\SpringMvcHelloWorld1\apache-tomcat-10.1.52\work\Catalina\localhost\SpringMvcHelloWorld\org\apache\jsp] could not be completely deleted. The presence of the remaining files may cause problems
23-Mar-2026 08:18:41.515 SEVERE [Catalina-utility-2] org.apache.catalina.startup.ExpandWar.deleteDir [C:\Users\ashwi\OneDrive\Documents\SpringMvcHelloWorld1\apache-tomcat-10.1.52\work\Catalina\localhost\SpringMvcHelloWorld\org\apache] could not be completely deleted. The presence of the remaining files may cause problems
23-Mar-2026 08:18:41.516 SEVERE [Catalina-utility-2] org.apache.catalina.startup.ExpandWar.deleteDir [C:\Users\ashwi\OneDrive\Documents\SpringMvcHelloWorld1\apache-tomcat-10.1.52\work\Catalina\localhost\SpringMvcHelloWorld\org] could not be completely deleted. The presence of the remaining files may cause problems
23-Mar-2026 08:18:41.517 SEVERE [Catalina-utility-2] org.apache.catalina.startup.ExpandWar.deleteDir [C:\Users\ashwi\OneDrive\Documents\SpringMvcHelloWorld1\apache-tomcat-10.1.52\work\Catalina\localhost\SpringMvcHelloWorld] could not be completely deleted. The presence of the remaining files may cause problems
23-Mar-2026 08:18:41.517 SEVERE [Catalina-utility-2] org.apache.catalina.startup.ExpandWar.delete [C:\Users\ashwi\OneDrive\Documents\SpringMvcHelloWorld1\apache-tomcat-10.1.52\work\Catalina\localhost\SpringMvcHelloWorld] could not be completely deleted. The presence of the remaining files may cause problems
23-Mar-2026 08:18:42.043 INFO [Catalina-utility-2] org.apache.catalina.startup.HostConfig.undeploy Undeploying context [/examples]
23-Mar-2026 08:18:42.059 SEVERE [Catalina-utility-2] org.apache.catalina.startup.ExpandWar.deleteDir [C:\Users\ashwi\OneDrive\Documents\SpringMvcHelloWorld1\apache-tomcat-10.1.52\work\Catalina\localhost\examples] could not be completely deleted. The presence of the remaining files may cause problems
23-Mar-2026 08:18:42.059 SEVERE [Catalina-utility-2] org.apache.catalina.startup.ExpandWar.delete [C:\Users\ashwi\OneDrive\Documents\SpringMvcHelloWorld1\apache-tomcat-10.1.52\work\Catalina\localhost\examples] could not be completely deleted. The presence of the remaining files may cause problems
23-Mar-2026 08:18:42.589 INFO [Catalina-utility-2] org.apache.catalina.startup.HostConfig.undeploy Undeploying context [/host-manager]
23-Mar-2026 08:18:42.605 SEVERE [Catalina-utility-2] org.apache.catalina.startup.ExpandWar.deleteDir [C:\Users\ashwi\OneDrive\Documents\SpringMvcHelloWorld1\apache-tomcat-10.1.52\work\Catalina\localhost\host-manager] could not be completely deleted. The presence of the remaining files may cause problems
23-Mar-2026 08:18:42.606 SEVERE [Catalina-utility-2] org.apache.catalina.startup.ExpandWar.delete [C:\Users\ashwi\OneDrive\Documents\SpringMvcHelloWorld1\apache-tomcat-10.1.52\work\Catalina\localhost\host-manager] could not be completely deleted. The presence of the remaining files may cause problems
23-Mar-2026 08:18:43.137 INFO [Catalina-utility-2] org.apache.catalina.startup.HostConfig.undeploy Undeploying context [/manager]
23-Mar-2026 08:18:43.137 SEVERE [Catalina-utility-2] org.apache.catalina.startup.ExpandWar.deleteDir [C:\Users\ashwi\OneDrive\Documents\SpringMvcHelloWorld1\apache-tomcat-10.1.52\work\Catalina\localhost\manager] could not be completely deleted. The presence of the remaining files may cause problems
23-Mar-2026 08:18:43.137 SEVERE [Catalina-utility-2] org.apache.catalina.startup.ExpandWar.delete [C:\Users\ashwi\OneDrive\Documents\SpringMvcHelloWorld1\apache-tomcat-10.1.52\work\Catalina\localhost\manager] could not be completely deleted. The presence of the remaining files may cause problems
23-Mar-2026 08:18:43.671 INFO [Catalina-utility-2] org.apache.catalina.startup.HostConfig.undeploy Undeploying context [/docs]
23-Mar-2026 08:18:43.683 SEVERE [Catalina-utility-2] org.apache.catalina.startup.ExpandWar.deleteDir [C:\Users\ashwi\OneDrive\Documents\SpringMvcHelloWorld1\apache-tomcat-10.1.52\work\Catalina\localhost\docs] could not be completely deleted. The presence of the remaining files may cause problems
23-Mar-2026 08:18:43.684 SEVERE [Catalina-utility-2] org.apache.catalina.startup.ExpandWar.delete [C:\Users\ashwi\OneDrive\Documents\SpringMvcHelloWorld1\apache-tomcat-10.1.52\work\Catalina\localhost\docs] could not be completely deleted. The presence of the remaining files may cause problems
23-Mar-2026 08:19:13.728 INFO [Catalina-utility-1] org.apache.catalina.startup.HostConfig.deployDirectory Deploying web application directory [C:\Users\ashwi\OneDrive\Documents\SpringMvcHelloWorld1\apache-tomcat-10.1.52\webapps\docs]
23-Mar-2026 08:19:14.800 INFO [Catalina-utility-1] org.apache.catalina.startup.HostConfig.deployDirectory Deployment of web application directory [C:\Users\ashwi\OneDrive\Documents\SpringMvcHelloWorld1\apache-tomcat-10.1.52\webapps\docs] has finished in [1,072] ms
23-Mar-2026 08:19:14.800 INFO [Catalina-utility-1] org.apache.catalina.startup.HostConfig.deployDirectory Deploying web application directory [C:\Users\ashwi\OneDrive\Documents\SpringMvcHelloWorld1\apache-tomcat-10.1.52\webapps\examples]
23-Mar-2026 08:20:23.926 INFO [main] org.apache.catalina.startup.VersionLoggerListener.log Server version name:   Apache Tomcat/10.1.52
23-Mar-2026 08:20:23.934 INFO [main] org.apache.catalina.startup.VersionLoggerListener.log Server built:          Jan 23 2026 19:29:07 UTC
23-Mar-2026 08:20:23.935 INFO [main] org.apache.catalina.startup.VersionLoggerListener.log Server version number: 10.1.52.0
23-Mar-2026 08:20:23.936 INFO [main] org.apache.catalina.startup.VersionLoggerListener.log OS Name:               Windows 11
23-Mar-2026 08:20:23.937 INFO [main] org.apache.catalina.startup.VersionLoggerListener.log OS Version:            10.0
23-Mar-2026 08:20:23.938 INFO [main] org.apache.catalina.startup.VersionLoggerListener.log Architecture:          amd64
23-Mar-2026 08:20:23.939 INFO [main] org.apache.catalina.startup.VersionLoggerListener.log Java Home:             C:\Program Files\Java\jdk-25.0.2
23-Mar-2026 08:20:23.940 INFO [main] org.apache.catalina.startup.VersionLoggerListener.log JVM Version:           25.0.2+10-LTS-69
23-Mar-2026 08:20:23.941 INFO [main] org.apache.catalina.startup.VersionLoggerListener.log JVM Vendor:            Oracle Corporation
23-Mar-2026 08:20:23.942 INFO [main] org.apache.catalina.startup.VersionLoggerListener.log CATALINA_BASE:         C:\Users\ashwi\OneDrive\Documents\SpringMvcHelloWorld1\apache-tomcat-10.1.52
23-Mar-2026 08:20:23.943 INFO [main] org.apache.catalina.startup.VersionLoggerListener.log CATALINA_HOME:         C:\Users\ashwi\OneDrive\Documents\SpringMvcHelloWorld1\apache-tomcat-10.1.52
23-Mar-2026 08:20:23.974 INFO [main] org.apache.catalina.startup.VersionLoggerListener.log Command line argument: -Djava.util.logging.config.file=C:\Users\ashwi\OneDrive\Documents\SpringMvcHelloWorld1\apache-tomcat-10.1.52\conf\logging.properties
23-Mar-2026 08:20:23.974 INFO [main] org.apache.catalina.startup.VersionLoggerListener.log Command line argument: -Djava.util.logging.manager=org.apache.juli.ClassLoaderLogManager
23-Mar-2026 08:20:23.974 INFO [main] org.apache.catalina.startup.VersionLoggerListener.log Command line argument: -Djdk.tls.ephemeralDHKeySize=2048
23-Mar-2026 08:20:23.976 INFO [main] org.apache.catalina.startup.VersionLoggerListener.log Command line argument: -Djava.protocol.handler.pkgs=org.apache.catalina.webresources
23-Mar-2026 08:20:23.976 INFO [main] org.apache.catalina.startup.VersionLoggerListener.log Command line argument: -Dsun.io.useCanonCaches=false
23-Mar-2026 08:20:23.976 INFO [main] org.apache.catalina.startup.VersionLoggerListener.log Command line argument: --add-opens=java.base/java.lang=ALL-UNNAMED
23-Mar-2026 08:20:23.976 INFO [main] org.apache.catalina.startup.VersionLoggerListener.log Command line argument: --add-opens=java.base/java.lang.reflect=ALL-UNNAMED
23-Mar-2026 08:20:23.977 INFO [main] org.apache.catalina.startup.VersionLoggerListener.log Command line argument: --add-opens=java.base/java.io=ALL-UNNAMED
23-Mar-2026 08:20:23.977 INFO [main] org.apache.catalina.startup.VersionLoggerListener.log Command line argument: --add-opens=java.base/java.util=ALL-UNNAMED
23-Mar-2026 08:20:23.978 INFO [main] org.apache.catalina.startup.VersionLoggerListener.log Command line argument: --add-opens=java.base/java.util.concurrent=ALL-UNNAMED
23-Mar-2026 08:20:23.978 INFO [main] org.apache.catalina.startup.VersionLoggerListener.log Command line argument: --add-opens=java.rmi/sun.rmi.transport=ALL-UNNAMED
23-Mar-2026 08:20:23.978 INFO [main] org.apache.catalina.startup.VersionLoggerListener.log Command line argument: -Dcatalina.base=C:\Users\ashwi\OneDrive\Documents\SpringMvcHelloWorld1\apache-tomcat-10.1.52
23-Mar-2026 08:20:23.978 INFO [main] org.apache.catalina.startup.VersionLoggerListener.log Command line argument: -Dcatalina.home=C:\Users\ashwi\OneDrive\Documents\SpringMvcHelloWorld1\apache-tomcat-10.1.52
23-Mar-2026 08:20:23.979 INFO [main] org.apache.catalina.startup.VersionLoggerListener.log Command line argument: -Djava.io.tmpdir=C:\Users\ashwi\OneDrive\Documents\SpringMvcHelloWorld1\apache-tomcat-10.1.52\temp
23-Mar-2026 08:20:23.999 INFO [main] org.apache.catalina.core.AprLifecycleListener.lifecycleEvent The Apache Tomcat Native library which allows using OpenSSL was not found on the java.library.path: [C:\Program Files\Java\jdk-25.0.2\bin;C:\WINDOWS\Sun\Java\bin;C:\WINDOWS\system32;C:\WINDOWS;C:\Program Files\Common Files\Oracle\Java\javapath;C:\Program Files\Eclipse Adoptium\jdk-17.0.17.10-hotspot\bin;C:\Python314\Scripts\;C:\Python314\;C:\WINDOWS\system32;C:\WINDOWS;C:\WINDOWS\System32\Wbem;C:\WINDOWS\System32\WindowsPowerShell\v1.0\;C:\WINDOWS\System32\OpenSSH\;C:\Program Files (x86)\Microsoft SQL Server\160\Tools\Binn\;C:\Program Files\Microsoft SQL Server\160\Tools\Binn\;C:\Program Files\Microsoft SQL Server\Client SDK\ODBC\170\Tools\Binn\;C:\Program Files\Microsoft SQL Server\160\DTS\Binn\;D:\bin;D:\Git\cmd;D:\NodeJS\;C:\ProgramData\chocolatey\bin;C:\Program Files\apache-maven-3.9.14\bin;C:\Users\ashwi\AppData\Local\Microsoft\WindowsApps;C:\Users\ashwi\AppData\Local\Programs\Microsoft VS Code\bin;C:\Program Files\Azure Data Studio\bin;C:\MinGW\bin;C:\Users\ashwi\AppData\Roaming\npm;C:\Users\ashwi\AppData\Local\Android\Sdk\platform-tools;C:\Users\ashwi\AppData\Local\Programs\Antigravity\bin;.]
23-Mar-2026 08:20:24.701 INFO [main] org.apache.coyote.AbstractProtocol.init Initializing ProtocolHandler ["http-nio-8080"]
23-Mar-2026 08:20:24.786 INFO [main] org.apache.catalina.startup.Catalina.load Server initialization in [1249] milliseconds
23-Mar-2026 08:20:24.974 INFO [main] org.apache.catalina.core.StandardService.startInternal Starting service [Catalina]
23-Mar-2026 08:20:24.977 INFO [main] org.apache.catalina.core.StandardEngine.startInternal Starting Servlet engine: [Apache Tomcat/10.1.52]
23-Mar-2026 08:20:25.036 INFO [main] org.apache.catalina.startup.HostConfig.deployWAR Deploying web application archive [C:\Users\ashwi\OneDrive\Documents\SpringMvcHelloWorld1\apache-tomcat-10.1.52\webapps\SpringMvcHelloWorld.war]
23-Mar-2026 08:20:29.801 INFO [main] org.apache.jasper.servlet.TldScanner.scanJars At least one JAR was scanned for TLDs yet contained no TLDs. Enable debug logging for this logger for a complete list of JARs that were scanned but no TLDs were found in them. Skipping unneeded JARs during scanning can improve startup time and JSP compilation time.
23-Mar-2026 08:20:30.356 INFO [main] org.springframework.web.servlet.FrameworkServlet.initServletBean Initializing Servlet 'dispatcher'
23-Mar-2026 08:20:33.382 INFO [main] org.springframework.web.servlet.FrameworkServlet.initServletBean Completed initialization in 3025 ms
23-Mar-2026 08:20:33.423 INFO [main] org.apache.catalina.startup.HostConfig.deployWAR Deployment of web application archive [C:\Users\ashwi\OneDrive\Documents\SpringMvcHelloWorld1\apache-tomcat-10.1.52\webapps\SpringMvcHelloWorld.war] has finished in [8,378] ms
23-Mar-2026 08:20:33.428 INFO [main] org.apache.catalina.startup.HostConfig.deployDirectory Deploying web application directory [C:\Users\ashwi\OneDrive\Documents\SpringMvcHelloWorld1\apache-tomcat-10.1.52\webapps\docs]
23-Mar-2026 08:20:33.534 INFO [main] org.apache.catalina.startup.HostConfig.deployDirectory Deployment of web application directory [C:\Users\ashwi\OneDrive\Documents\SpringMvcHelloWorld1\apache-tomcat-10.1.52\webapps\docs] has finished in [106] ms
23-Mar-2026 08:20:33.534 INFO [main] org.apache.catalina.startup.HostConfig.deployDirectory Deploying web application directory [C:\Users\ashwi\OneDrive\Documents\SpringMvcHelloWorld1\apache-tomcat-10.1.52\webapps\examples]
23-Mar-2026 08:20:57.431 INFO [main] org.apache.catalina.startup.HostConfig.deployDirectory Deployment of web application directory [C:\Users\ashwi\OneDrive\Documents\SpringMvcHelloWorld1\apache-tomcat-10.1.52\webapps\examples] has finished in [23,897] ms
23-Mar-2026 08:20:57.431 INFO [main] org.apache.catalina.startup.HostConfig.deployDirectory Deploying web application directory [C:\Users\ashwi\OneDrive\Documents\SpringMvcHelloWorld1\apache-tomcat-10.1.52\webapps\host-manager]
23-Mar-2026 08:20:58.292 INFO [main] org.apache.catalina.startup.HostConfig.deployDirectory Deployment of web application directory [C:\Users\ashwi\OneDrive\Documents\SpringMvcHelloWorld1\apache-tomcat-10.1.52\webapps\host-manager] has finished in [861] ms
23-Mar-2026 08:20:58.292 INFO [main] org.apache.catalina.startup.HostConfig.deployDirectory Deploying web application directory [C:\Users\ashwi\OneDrive\Documents\SpringMvcHelloWorld1\apache-tomcat-10.1.52\webapps\manager]
23-Mar-2026 08:20:59.143 INFO [main] org.apache.catalina.startup.HostConfig.deployDirectory Deployment of web application directory [C:\Users\ashwi\OneDrive\Documents\SpringMvcHelloWorld1\apache-tomcat-10.1.52\webapps\manager] has finished in [851] ms
23-Mar-2026 08:20:59.143 INFO [main] org.apache.catalina.startup.HostConfig.deployDirectory Deploying web application directory [C:\Users\ashwi\OneDrive\Documents\SpringMvcHelloWorld1\apache-tomcat-10.1.52\webapps\ROOT]
23-Mar-2026 08:20:59.217 INFO [main] org.apache.catalina.startup.HostConfig.deployDirectory Deployment of web application directory [C:\Users\ashwi\OneDrive\Documents\SpringMvcHelloWorld1\apache-tomcat-10.1.52\webapps\ROOT] has finished in [74] ms
23-Mar-2026 08:20:59.237 INFO [main] org.apache.coyote.AbstractProtocol.start Starting ProtocolHandler ["http-nio-8080"]
23-Mar-2026 08:20:59.289 INFO [main] org.apache.catalina.startup.Catalina.start Server startup in [34497] milliseconds
23-Mar-2026 08:21:10.773 WARNING [http-nio-8080-exec-2] org.springframework.web.servlet.DispatcherServlet.noHandlerFound No mapping for GET /SpringMvcHelloWorld/index
23-Mar-2026 08:21:10.805 WARNING [http-nio-8080-exec-2] org.springframework.web.servlet.mvc.support.DefaultHandlerExceptionResolver.handleNoHandlerFoundException No endpoint GET /SpringMvcHelloWorld/index.
23-Mar-2026 08:21:23.164 WARNING [http-nio-8080-exec-6] org.springframework.web.servlet.DispatcherServlet.noHandlerFound No mapping for GET /SpringMvcHelloWorld/images/summer-product1.png
23-Mar-2026 08:21:23.166 WARNING [http-nio-8080-exec-7] org.springframework.web.servlet.DispatcherServlet.noHandlerFound No mapping for GET /SpringMvcHelloWorld/images/summer-product2.png
23-Mar-2026 08:21:23.166 WARNING [http-nio-8080-exec-5] org.springframework.web.servlet.DispatcherServlet.noHandlerFound No mapping for GET /SpringMvcHelloWorld/style.css
23-Mar-2026 08:21:23.187 WARNING [http-nio-8080-exec-6] org.springframework.web.servlet.mvc.support.DefaultHandlerExceptionResolver.handleNoHandlerFoundException No endpoint GET /SpringMvcHelloWorld/images/summer-product1.png.
23-Mar-2026 08:21:23.211 WARNING [http-nio-8080-exec-5] org.springframework.web.servlet.mvc.support.DefaultHandlerExceptionResolver.handleNoHandlerFoundException No endpoint GET /SpringMvcHelloWorld/style.css.
23-Mar-2026 08:21:23.211 WARNING [http-nio-8080-exec-7] org.springframework.web.servlet.mvc.support.DefaultHandlerExceptionResolver.handleNoHandlerFoundException No endpoint GET /SpringMvcHelloWorld/images/summer-product2.png.
23-Mar-2026 08:21:23.243 WARNING [http-nio-8080-exec-8] org.springframework.web.servlet.DispatcherServlet.noHandlerFound No mapping for GET /SpringMvcHelloWorld/images/summer-product3.png
23-Mar-2026 08:21:23.251 WARNING [http-nio-8080-exec-1] org.springframework.web.servlet.DispatcherServlet.noHandlerFound No mapping for GET /SpringMvcHelloWorld/images/product2.png
23-Mar-2026 08:21:23.255 WARNING [http-nio-8080-exec-9] org.springframework.web.servlet.DispatcherServlet.noHandlerFound No mapping for GET /SpringMvcHelloWorld/images/product1.png
23-Mar-2026 08:21:23.260 WARNING [http-nio-8080-exec-10] org.springframework.web.servlet.DispatcherServlet.noHandlerFound No mapping for GET /SpringMvcHelloWorld/images/product3.png
23-Mar-2026 08:21:23.262 WARNING [http-nio-8080-exec-5] org.springframework.web.servlet.DispatcherServlet.noHandlerFound No mapping for GET /SpringMvcHelloWorld/images/product4.png
23-Mar-2026 08:21:23.262 WARNING [http-nio-8080-exec-8] org.springframework.web.servlet.mvc.support.DefaultHandlerExceptionResolver.handleNoHandlerFoundException No endpoint GET /SpringMvcHelloWorld/images/summer-product3.png.
23-Mar-2026 08:21:23.266 WARNING [http-nio-8080-exec-1] org.springframework.web.servlet.mvc.support.DefaultHandlerExceptionResolver.handleNoHandlerFoundException No endpoint GET /SpringMvcHelloWorld/images/product2.png.
23-Mar-2026 08:21:23.266 WARNING [http-nio-8080-exec-9] org.springframework.web.servlet.mvc.support.DefaultHandlerExceptionResolver.handleNoHandlerFoundException No endpoint GET /SpringMvcHelloWorld/images/product1.png.
23-Mar-2026 08:21:23.266 WARNING [http-nio-8080-exec-5] org.springframework.web.servlet.mvc.support.DefaultHandlerExceptionResolver.handleNoHandlerFoundException No endpoint GET /SpringMvcHelloWorld/images/product4.png.
23-Mar-2026 08:21:23.290 WARNING [http-nio-8080-exec-4] org.springframework.web.servlet.DispatcherServlet.noHandlerFound No mapping for GET /SpringMvcHelloWorld/images/video.mp4
23-Mar-2026 08:21:23.305 WARNING [http-nio-8080-exec-4] org.springframework.web.servlet.mvc.support.DefaultHandlerExceptionResolver.handleNoHandlerFoundException No endpoint GET /SpringMvcHelloWorld/images/video.mp4.
23-Mar-2026 08:21:23.355 WARNING [http-nio-8080-exec-10] org.springframework.web.servlet.mvc.support.DefaultHandlerExceptionResolver.handleNoHandlerFoundException No endpoint GET /SpringMvcHelloWorld/images/product3.png.
23-Mar-2026 08:21:23.366 WARNING [http-nio-8080-exec-2] org.springframework.web.servlet.DispatcherServlet.noHandlerFound No mapping for GET /SpringMvcHelloWorld/images/product5.png
23-Mar-2026 08:21:23.367 WARNING [http-nio-8080-exec-3] org.springframework.web.servlet.DispatcherServlet.noHandlerFound No mapping for GET /SpringMvcHelloWorld/images/product6.png
23-Mar-2026 08:21:23.389 WARNING [http-nio-8080-exec-2] org.springframework.web.servlet.mvc.support.DefaultHandlerExceptionResolver.handleNoHandlerFoundException No endpoint GET /SpringMvcHelloWorld/images/product5.png.
23-Mar-2026 08:21:23.410 WARNING [http-nio-8080-exec-3] org.springframework.web.servlet.mvc.support.DefaultHandlerExceptionResolver.handleNoHandlerFoundException No endpoint GET /SpringMvcHelloWorld/images/product6.png.
23-Mar-2026 08:21:23.457 WARNING [http-nio-8080-exec-6] org.springframework.web.servlet.DispatcherServlet.noHandlerFound No mapping for GET /SpringMvcHelloWorld/favicon.png
23-Mar-2026 08:21:23.460 WARNING [http-nio-8080-exec-6] org.springframework.web.servlet.mvc.support.DefaultHandlerExceptionResolver.handleNoHandlerFoundException No endpoint GET /SpringMvcHelloWorld/favicon.png.
23-Mar-2026 08:28:19.389 WARNING [http-nio-8080-exec-5] org.springframework.web.servlet.DispatcherServlet.noHandlerFound No mapping for GET /SpringMvcHelloWorld/style.css
23-Mar-2026 08:28:19.393 WARNING [http-nio-8080-exec-10] org.springframework.web.servlet.DispatcherServlet.noHandlerFound No mapping for GET /SpringMvcHelloWorld/images/summer-product1.png
23-Mar-2026 08:28:19.397 WARNING [http-nio-8080-exec-2] org.springframework.web.servlet.DispatcherServlet.noHandlerFound No mapping for GET /SpringMvcHelloWorld/images/summer-product2.png
23-Mar-2026 08:28:19.405 WARNING [http-nio-8080-exec-10] org.springframework.web.servlet.mvc.support.DefaultHandlerExceptionResolver.handleNoHandlerFoundException No endpoint GET /SpringMvcHelloWorld/images/summer-product1.png.
23-Mar-2026 08:28:19.409 WARNING [http-nio-8080-exec-2] org.springframework.web.servlet.mvc.support.DefaultHandlerExceptionResolver.handleNoHandlerFoundException No endpoint GET /SpringMvcHelloWorld/images/summer-product2.png.
23-Mar-2026 08:28:19.409 WARNING [http-nio-8080-exec-5] org.springframework.web.servlet.mvc.support.DefaultHandlerExceptionResolver.handleNoHandlerFoundException No endpoint GET /SpringMvcHelloWorld/style.css.
23-Mar-2026 08:28:19.446 WARNING [http-nio-8080-exec-3] org.springframework.web.servlet.DispatcherServlet.noHandlerFound No mapping for GET /SpringMvcHelloWorld/images/summer-product3.png
23-Mar-2026 08:28:19.446 WARNING [http-nio-8080-exec-6] org.springframework.web.servlet.DispatcherServlet.noHandlerFound No mapping for GET /SpringMvcHelloWorld/images/product1.png
23-Mar-2026 08:28:19.450 WARNING [http-nio-8080-exec-3] org.springframework.web.servlet.mvc.support.DefaultHandlerExceptionResolver.handleNoHandlerFoundException No endpoint GET /SpringMvcHelloWorld/images/summer-product3.png.
23-Mar-2026 08:28:19.452 WARNING [http-nio-8080-exec-6] org.springframework.web.servlet.mvc.support.DefaultHandlerExceptionResolver.handleNoHandlerFoundException No endpoint GET /SpringMvcHelloWorld/images/product1.png.
23-Mar-2026 08:28:19.465 WARNING [http-nio-8080-exec-9] org.springframework.web.servlet.DispatcherServlet.noHandlerFound No mapping for GET /SpringMvcHelloWorld/images/product2.png
23-Mar-2026 08:28:19.469 WARNING [http-nio-8080-exec-9] org.springframework.web.servlet.mvc.support.DefaultHandlerExceptionResolver.handleNoHandlerFoundException No endpoint GET /SpringMvcHelloWorld/images/product2.png.
23-Mar-2026 08:28:19.469 WARNING [http-nio-8080-exec-8] org.springframework.web.servlet.DispatcherServlet.noHandlerFound No mapping for GET /SpringMvcHelloWorld/images/product3.png
23-Mar-2026 08:28:19.469 WARNING [http-nio-8080-exec-7] org.springframework.web.servlet.DispatcherServlet.noHandlerFound No mapping for GET /SpringMvcHelloWorld/images/product4.png
23-Mar-2026 08:28:19.473 WARNING [http-nio-8080-exec-7] org.springframework.web.servlet.mvc.support.DefaultHandlerExceptionResolver.handleNoHandlerFoundException No endpoint GET /SpringMvcHelloWorld/images/product4.png.
23-Mar-2026 08:28:19.478 WARNING [http-nio-8080-exec-8] org.springframework.web.servlet.mvc.support.DefaultHandlerExceptionResolver.handleNoHandlerFoundException No endpoint GET /SpringMvcHelloWorld/images/product3.png.
23-Mar-2026 08:28:19.480 WARNING [http-nio-8080-exec-1] org.springframework.web.servlet.DispatcherServlet.noHandlerFound No mapping for GET /SpringMvcHelloWorld/images/product6.png
23-Mar-2026 08:28:19.484 WARNING [http-nio-8080-exec-4] org.springframework.web.servlet.DispatcherServlet.noHandlerFound No mapping for GET /SpringMvcHelloWorld/images/product5.png
23-Mar-2026 08:28:19.490 WARNING [http-nio-8080-exec-1] org.springframework.web.servlet.mvc.support.DefaultHandlerExceptionResolver.handleNoHandlerFoundException No endpoint GET /SpringMvcHelloWorld/images/product6.png.
23-Mar-2026 08:28:19.490 WARNING [http-nio-8080-exec-4] org.springframework.web.servlet.mvc.support.DefaultHandlerExceptionResolver.handleNoHandlerFoundException No endpoint GET /SpringMvcHelloWorld/images/product5.png.
23-Mar-2026 08:28:19.538 WARNING [http-nio-8080-exec-10] org.springframework.web.servlet.DispatcherServlet.noHandlerFound No mapping for GET /SpringMvcHelloWorld/images/video.mp4
23-Mar-2026 08:28:19.541 WARNING [http-nio-8080-exec-10] org.springframework.web.servlet.mvc.support.DefaultHandlerExceptionResolver.handleNoHandlerFoundException No endpoint GET /SpringMvcHelloWorld/images/video.mp4.
23-Mar-2026 08:37:26.837 WARNING [http-nio-8080-exec-10] org.springframework.web.servlet.DispatcherServlet.noHandlerFound No mapping for GET /SpringMvcHelloWorld/style.css
23-Mar-2026 08:37:26.845 WARNING [http-nio-8080-exec-10] org.springframework.web.servlet.mvc.support.DefaultHandlerExceptionResolver.handleNoHandlerFoundException No endpoint GET /SpringMvcHelloWorld/style.css.
23-Mar-2026 08:37:26.847 WARNING [http-nio-8080-exec-2] org.springframework.web.servlet.DispatcherServlet.noHandlerFound No mapping for GET /SpringMvcHelloWorld/images/summer-product1.png
23-Mar-2026 08:37:26.850 WARNING [http-nio-8080-exec-5] org.springframework.web.servlet.DispatcherServlet.noHandlerFound No mapping for GET /SpringMvcHelloWorld/images/summer-product2.png
23-Mar-2026 08:37:26.850 WARNING [http-nio-8080-exec-2] org.springframework.web.servlet.mvc.support.DefaultHandlerExceptionResolver.handleNoHandlerFoundException No endpoint GET /SpringMvcHelloWorld/images/summer-product1.png.
23-Mar-2026 08:37:26.850 WARNING [http-nio-8080-exec-5] org.springframework.web.servlet.mvc.support.DefaultHandlerExceptionResolver.handleNoHandlerFoundException No endpoint GET /SpringMvcHelloWorld/images/summer-product2.png.
23-Mar-2026 08:37:26.886 WARNING [http-nio-8080-exec-3] org.springframework.web.servlet.DispatcherServlet.noHandlerFound No mapping for GET /SpringMvcHelloWorld/images/summer-product3.png
23-Mar-2026 08:37:26.888 WARNING [http-nio-8080-exec-6] org.springframework.web.servlet.DispatcherServlet.noHandlerFound No mapping for GET /SpringMvcHelloWorld/images/product1.png
23-Mar-2026 08:37:26.890 WARNING [http-nio-8080-exec-3] org.springframework.web.servlet.mvc.support.DefaultHandlerExceptionResolver.handleNoHandlerFoundException No endpoint GET /SpringMvcHelloWorld/images/summer-product3.png.
23-Mar-2026 08:37:26.892 WARNING [http-nio-8080-exec-6] org.springframework.web.servlet.mvc.support.DefaultHandlerExceptionResolver.handleNoHandlerFoundException No endpoint GET /SpringMvcHelloWorld/images/product1.png.
23-Mar-2026 08:37:26.911 WARNING [http-nio-8080-exec-9] org.springframework.web.servlet.DispatcherServlet.noHandlerFound No mapping for GET /SpringMvcHelloWorld/images/product2.png
23-Mar-2026 08:37:26.912 WARNING [http-nio-8080-exec-8] org.springframework.web.servlet.DispatcherServlet.noHandlerFound No mapping for GET /SpringMvcHelloWorld/images/product3.png
23-Mar-2026 08:37:26.914 WARNING [http-nio-8080-exec-9] org.springframework.web.servlet.mvc.support.DefaultHandlerExceptionResolver.handleNoHandlerFoundException No endpoint GET /SpringMvcHelloWorld/images/product2.png.
23-Mar-2026 08:37:26.916 WARNING [http-nio-8080-exec-8] org.springframework.web.servlet.mvc.support.DefaultHandlerExceptionResolver.handleNoHandlerFoundException No endpoint GET /SpringMvcHelloWorld/images/product3.png.
23-Mar-2026 08:37:26.936 WARNING [http-nio-8080-exec-1] org.springframework.web.servlet.DispatcherServlet.noHandlerFound No mapping for GET /SpringMvcHelloWorld/images/product5.png
23-Mar-2026 08:37:26.936 WARNING [http-nio-8080-exec-7] org.springframework.web.servlet.DispatcherServlet.noHandlerFound No mapping for GET /SpringMvcHelloWorld/images/product4.png
23-Mar-2026 08:37:26.936 WARNING [http-nio-8080-exec-4] org.springframework.web.servlet.DispatcherServlet.noHandlerFound No mapping for GET /SpringMvcHelloWorld/images/product6.png
23-Mar-2026 08:37:26.936 WARNING [http-nio-8080-exec-1] org.springframework.web.servlet.mvc.support.DefaultHandlerExceptionResolver.handleNoHandlerFoundException No endpoint GET /SpringMvcHelloWorld/images/product5.png.
23-Mar-2026 08:37:26.936 WARNING [http-nio-8080-exec-7] org.springframework.web.servlet.mvc.support.DefaultHandlerExceptionResolver.handleNoHandlerFoundException No endpoint GET /SpringMvcHelloWorld/images/product4.png.
23-Mar-2026 08:37:26.936 WARNING [http-nio-8080-exec-4] org.springframework.web.servlet.mvc.support.DefaultHandlerExceptionResolver.handleNoHandlerFoundException No endpoint GET /SpringMvcHelloWorld/images/product6.png.
23-Mar-2026 08:37:26.979 WARNING [http-nio-8080-exec-10] org.springframework.web.servlet.DispatcherServlet.noHandlerFound No mapping for GET /SpringMvcHelloWorld/images/video.mp4
23-Mar-2026 08:37:26.979 WARNING [http-nio-8080-exec-10] org.springframework.web.servlet.mvc.support.DefaultHandlerExceptionResolver.handleNoHandlerFoundException No endpoint GET /SpringMvcHelloWorld/images/video.mp4.
23-Mar-2026 08:37:39.331 WARNING [http-nio-8080-exec-3] org.springframework.web.servlet.DispatcherServlet.noHandlerFound No mapping for GET /SpringMvcHelloWorld/images/summer-product1.png
23-Mar-2026 08:37:39.331 WARNING [http-nio-8080-exec-6] org.springframework.web.servlet.DispatcherServlet.noHandlerFound No mapping for GET /SpringMvcHelloWorld/images/summer-product2.png
23-Mar-2026 08:37:39.335 WARNING [http-nio-8080-exec-2] org.springframework.web.servlet.DispatcherServlet.noHandlerFound No mapping for GET /SpringMvcHelloWorld/style.css
23-Mar-2026 08:37:39.335 WARNING [http-nio-8080-exec-3] org.springframework.web.servlet.mvc.support.DefaultHandlerExceptionResolver.handleNoHandlerFoundException No endpoint GET /SpringMvcHelloWorld/images/summer-product1.png.
23-Mar-2026 08:37:39.338 WARNING [http-nio-8080-exec-6] org.springframework.web.servlet.mvc.support.DefaultHandlerExceptionResolver.handleNoHandlerFoundException No endpoint GET /SpringMvcHelloWorld/images/summer-product2.png.
23-Mar-2026 08:37:39.340 WARNING [http-nio-8080-exec-2] org.springframework.web.servlet.mvc.support.DefaultHandlerExceptionResolver.handleNoHandlerFoundException No endpoint GET /SpringMvcHelloWorld/style.css.
23-Mar-2026 08:37:39.361 WARNING [http-nio-8080-exec-1] org.springframework.web.servlet.DispatcherServlet.noHandlerFound No mapping for GET /SpringMvcHelloWorld/images/product2.png
23-Mar-2026 08:37:39.361 WARNING [http-nio-8080-exec-8] org.springframework.web.servlet.DispatcherServlet.noHandlerFound No mapping for GET /SpringMvcHelloWorld/images/product1.png
23-Mar-2026 08:37:39.361 WARNING [http-nio-8080-exec-9] org.springframework.web.servlet.DispatcherServlet.noHandlerFound No mapping for GET /SpringMvcHelloWorld/images/summer-product3.png
23-Mar-2026 08:37:39.363 WARNING [http-nio-8080-exec-8] org.springframework.web.servlet.mvc.support.DefaultHandlerExceptionResolver.handleNoHandlerFoundException No endpoint GET /SpringMvcHelloWorld/images/product1.png.
23-Mar-2026 08:37:39.363 WARNING [http-nio-8080-exec-9] org.springframework.web.servlet.mvc.support.DefaultHandlerExceptionResolver.handleNoHandlerFoundException No endpoint GET /SpringMvcHelloWorld/images/summer-product3.png.
23-Mar-2026 08:37:39.365 WARNING [http-nio-8080-exec-1] org.springframework.web.servlet.mvc.support.DefaultHandlerExceptionResolver.handleNoHandlerFoundException No endpoint GET /SpringMvcHelloWorld/images/product2.png.
23-Mar-2026 08:37:39.365 WARNING [http-nio-8080-exec-7] org.springframework.web.servlet.DispatcherServlet.noHandlerFound No mapping for GET /SpringMvcHelloWorld/images/product3.png
23-Mar-2026 08:37:39.369 WARNING [http-nio-8080-exec-4] org.springframework.web.servlet.DispatcherServlet.noHandlerFound No mapping for GET /SpringMvcHelloWorld/images/product4.png
23-Mar-2026 08:37:39.371 WARNING [http-nio-8080-exec-7] org.springframework.web.servlet.mvc.support.DefaultHandlerExceptionResolver.handleNoHandlerFoundException No endpoint GET /SpringMvcHelloWorld/images/product3.png.
23-Mar-2026 08:37:39.375 WARNING [http-nio-8080-exec-1] org.springframework.web.servlet.DispatcherServlet.noHandlerFound No mapping for GET /SpringMvcHelloWorld/images/product5.png
23-Mar-2026 08:37:39.377 WARNING [http-nio-8080-exec-4] org.springframework.web.servlet.mvc.support.DefaultHandlerExceptionResolver.handleNoHandlerFoundException No endpoint GET /SpringMvcHelloWorld/images/product4.png.
23-Mar-2026 08:37:39.381 WARNING [http-nio-8080-exec-1] org.springframework.web.servlet.mvc.support.DefaultHandlerExceptionResolver.handleNoHandlerFoundException No endpoint GET /SpringMvcHelloWorld/images/product5.png.
23-Mar-2026 08:37:39.385 WARNING [http-nio-8080-exec-5] org.springframework.web.servlet.DispatcherServlet.noHandlerFound No mapping for GET /SpringMvcHelloWorld/images/product6.png
23-Mar-2026 08:37:39.389 WARNING [http-nio-8080-exec-5] org.springframework.web.servlet.mvc.support.DefaultHandlerExceptionResolver.handleNoHandlerFoundException No endpoint GET /SpringMvcHelloWorld/images/product6.png.
23-Mar-2026 08:37:39.407 WARNING [http-nio-8080-exec-3] org.springframework.web.servlet.DispatcherServlet.noHandlerFound No mapping for GET /SpringMvcHelloWorld/images/video.mp4
23-Mar-2026 08:37:39.409 WARNING [http-nio-8080-exec-3] org.springframework.web.servlet.mvc.support.DefaultHandlerExceptionResolver.handleNoHandlerFoundException No endpoint GET /SpringMvcHelloWorld/images/video.mp4.
23-Mar-2026 08:41:27.461 INFO [main] org.apache.catalina.startup.VersionLoggerListener.log Server version name:   Apache Tomcat/10.1.52
23-Mar-2026 08:41:27.471 INFO [main] org.apache.catalina.startup.VersionLoggerListener.log Server built:          Jan 23 2026 19:29:07 UTC
23-Mar-2026 08:41:27.473 INFO [main] org.apache.catalina.startup.VersionLoggerListener.log Server version number: 10.1.52.0
23-Mar-2026 08:41:27.475 INFO [main] org.apache.catalina.startup.VersionLoggerListener.log OS Name:               Windows 11
23-Mar-2026 08:41:27.476 INFO [main] org.apache.catalina.startup.VersionLoggerListener.log OS Version:            10.0
23-Mar-2026 08:41:27.476 INFO [main] org.apache.catalina.startup.VersionLoggerListener.log Architecture:          amd64
23-Mar-2026 08:41:27.477 INFO [main] org.apache.catalina.startup.VersionLoggerListener.log Java Home:             C:\Program Files\Java\jdk-25.0.2
23-Mar-2026 08:41:27.478 INFO [main] org.apache.catalina.startup.VersionLoggerListener.log JVM Version:           25.0.2+10-LTS-69
23-Mar-2026 08:41:27.480 INFO [main] org.apache.catalina.startup.VersionLoggerListener.log JVM Vendor:            Oracle Corporation
23-Mar-2026 08:41:27.481 INFO [main] org.apache.catalina.startup.VersionLoggerListener.log CATALINA_BASE:         C:\Users\ashwi\OneDrive\Documents\SpringMvcHelloWorld1\apache-tomcat-10.1.52
23-Mar-2026 08:41:27.482 INFO [main] org.apache.catalina.startup.VersionLoggerListener.log CATALINA_HOME:         C:\Users\ashwi\OneDrive\Documents\SpringMvcHelloWorld1\apache-tomcat-10.1.52
23-Mar-2026 08:41:27.524 INFO [main] org.apache.catalina.startup.VersionLoggerListener.log Command line argument: -Djava.util.logging.config.file=C:\Users\ashwi\OneDrive\Documents\SpringMvcHelloWorld1\apache-tomcat-10.1.52\conf\logging.properties
23-Mar-2026 08:41:27.524 INFO [main] org.apache.catalina.startup.VersionLoggerListener.log Command line argument: -Djava.util.logging.manager=org.apache.juli.ClassLoaderLogManager
23-Mar-2026 08:41:27.525 INFO [main] org.apache.catalina.startup.VersionLoggerListener.log Command line argument: -Djdk.tls.ephemeralDHKeySize=2048
23-Mar-2026 08:41:27.526 INFO [main] org.apache.catalina.startup.VersionLoggerListener.log Command line argument: -Djava.protocol.handler.pkgs=org.apache.catalina.webresources
23-Mar-2026 08:41:27.527 INFO [main] org.apache.catalina.startup.VersionLoggerListener.log Command line argument: -Dsun.io.useCanonCaches=false
23-Mar-2026 08:41:27.527 INFO [main] org.apache.catalina.startup.VersionLoggerListener.log Command line argument: --add-opens=java.base/java.lang=ALL-UNNAMED
23-Mar-2026 08:41:27.528 INFO [main] org.apache.catalina.startup.VersionLoggerListener.log Command line argument: --add-opens=java.base/java.lang.reflect=ALL-UNNAMED
23-Mar-2026 08:41:27.528 INFO [main] org.apache.catalina.startup.VersionLoggerListener.log Command line argument: --add-opens=java.base/java.io=ALL-UNNAMED
23-Mar-2026 08:41:27.529 INFO [main] org.apache.catalina.startup.VersionLoggerListener.log Command line argument: --add-opens=java.base/java.util=ALL-UNNAMED
23-Mar-2026 08:41:27.530 INFO [main] org.apache.catalina.startup.VersionLoggerListener.log Command line argument: --add-opens=java.base/java.util.concurrent=ALL-UNNAMED
23-Mar-2026 08:41:27.530 INFO [main] org.apache.catalina.startup.VersionLoggerListener.log Command line argument: --add-opens=java.rmi/sun.rmi.transport=ALL-UNNAMED
23-Mar-2026 08:41:27.530 INFO [main] org.apache.catalina.startup.VersionLoggerListener.log Command line argument: -Dcatalina.base=C:\Users\ashwi\OneDrive\Documents\SpringMvcHelloWorld1\apache-tomcat-10.1.52
23-Mar-2026 08:41:27.532 INFO [main] org.apache.catalina.startup.VersionLoggerListener.log Command line argument: -Dcatalina.home=C:\Users\ashwi\OneDrive\Documents\SpringMvcHelloWorld1\apache-tomcat-10.1.52
23-Mar-2026 08:41:27.533 INFO [main] org.apache.catalina.startup.VersionLoggerListener.log Command line argument: -Djava.io.tmpdir=C:\Users\ashwi\OneDrive\Documents\SpringMvcHelloWorld1\apache-tomcat-10.1.52\temp
23-Mar-2026 08:41:27.567 INFO [main] org.apache.catalina.core.AprLifecycleListener.lifecycleEvent The Apache Tomcat Native library which allows using OpenSSL was not found on the java.library.path: [C:\Program Files\Java\jdk-25.0.2\bin;C:\WINDOWS\Sun\Java\bin;C:\WINDOWS\system32;C:\WINDOWS;C:\Program Files\Common Files\Oracle\Java\javapath;C:\Program Files\Eclipse Adoptium\jdk-17.0.17.10-hotspot\bin;C:\Python314\Scripts\;C:\Python314\;C:\WINDOWS\system32;C:\WINDOWS;C:\WINDOWS\System32\Wbem;C:\WINDOWS\System32\WindowsPowerShell\v1.0\;C:\WINDOWS\System32\OpenSSH\;C:\Program Files (x86)\Microsoft SQL Server\160\Tools\Binn\;C:\Program Files\Microsoft SQL Server\160\Tools\Binn\;C:\Program Files\Microsoft SQL Server\Client SDK\ODBC\170\Tools\Binn\;C:\Program Files\Microsoft SQL Server\160\DTS\Binn\;D:\bin;D:\Git\cmd;D:\NodeJS\;C:\ProgramData\chocolatey\bin;C:\Program Files\apache-maven-3.9.14\bin;C:\Users\ashwi\AppData\Local\Microsoft\WindowsApps;C:\Users\ashwi\AppData\Local\Programs\Microsoft VS Code\bin;C:\Program Files\Azure Data Studio\bin;C:\MinGW\bin;C:\Users\ashwi\AppData\Roaming\npm;C:\Users\ashwi\AppData\Local\Android\Sdk\platform-tools;C:\Users\ashwi\AppData\Local\Programs\Antigravity\bin;.]
23-Mar-2026 08:41:28.361 INFO [main] org.apache.coyote.AbstractProtocol.init Initializing ProtocolHandler ["http-nio-8080"]
23-Mar-2026 08:41:28.438 INFO [main] org.apache.catalina.startup.Catalina.load Server initialization in [1553] milliseconds
23-Mar-2026 08:41:28.611 INFO [main] org.apache.catalina.core.StandardService.startInternal Starting service [Catalina]
23-Mar-2026 08:41:28.612 INFO [main] org.apache.catalina.core.StandardEngine.startInternal Starting Servlet engine: [Apache Tomcat/10.1.52]
23-Mar-2026 08:41:28.742 INFO [main] org.apache.catalina.startup.HostConfig.deployWAR Deploying web application archive [C:\Users\ashwi\OneDrive\Documents\SpringMvcHelloWorld1\apache-tomcat-10.1.52\webapps\SpringMvcHelloWorld.war]
23-Mar-2026 08:41:35.603 INFO [main] org.apache.jasper.servlet.TldScanner.scanJars At least one JAR was scanned for TLDs yet contained no TLDs. Enable debug logging for this logger for a complete list of JARs that were scanned but no TLDs were found in them. Skipping unneeded JARs during scanning can improve startup time and JSP compilation time.
23-Mar-2026 08:41:36.615 INFO [main] org.springframework.web.servlet.FrameworkServlet.initServletBean Initializing Servlet 'dispatcher'
23-Mar-2026 08:41:41.173 INFO [main] org.springframework.web.servlet.FrameworkServlet.initServletBean Completed initialization in 4555 ms
23-Mar-2026 08:41:41.223 INFO [main] org.apache.catalina.startup.HostConfig.deployWAR Deployment of web application archive [C:\Users\ashwi\OneDrive\Documents\SpringMvcHelloWorld1\apache-tomcat-10.1.52\webapps\SpringMvcHelloWorld.war] has finished in [12,470] ms
23-Mar-2026 08:41:41.227 INFO [main] org.apache.catalina.startup.HostConfig.deployDirectory Deploying web application directory [C:\Users\ashwi\OneDrive\Documents\SpringMvcHelloWorld1\apache-tomcat-10.1.52\webapps\docs]
23-Mar-2026 08:41:41.390 INFO [main] org.apache.catalina.startup.HostConfig.deployDirectory Deployment of web application directory [C:\Users\ashwi\OneDrive\Documents\SpringMvcHelloWorld1\apache-tomcat-10.1.52\webapps\docs] has finished in [164] ms
23-Mar-2026 08:41:41.392 INFO [main] org.apache.catalina.startup.HostConfig.deployDirectory Deploying web application directory [C:\Users\ashwi\OneDrive\Documents\SpringMvcHelloWorld1\apache-tomcat-10.1.52\webapps\examples]
23-Mar-2026 08:41:43.031 INFO [main] org.apache.catalina.startup.HostConfig.deployDirectory Deployment of web application directory [C:\Users\ashwi\OneDrive\Documents\SpringMvcHelloWorld1\apache-tomcat-10.1.52\webapps\examples] has finished in [1,640] ms
23-Mar-2026 08:41:43.033 INFO [main] org.apache.catalina.startup.HostConfig.deployDirectory Deploying web application directory [C:\Users\ashwi\OneDrive\Documents\SpringMvcHelloWorld1\apache-tomcat-10.1.52\webapps\host-manager]
23-Mar-2026 08:41:43.220 INFO [main] org.apache.catalina.startup.HostConfig.deployDirectory Deployment of web application directory [C:\Users\ashwi\OneDrive\Documents\SpringMvcHelloWorld1\apache-tomcat-10.1.52\webapps\host-manager] has finished in [186] ms
23-Mar-2026 08:41:43.221 INFO [main] org.apache.catalina.startup.HostConfig.deployDirectory Deploying web application directory [C:\Users\ashwi\OneDrive\Documents\SpringMvcHelloWorld1\apache-tomcat-10.1.52\webapps\manager]
23-Mar-2026 08:41:43.380 INFO [main] org.apache.catalina.startup.HostConfig.deployDirectory Deployment of web application directory [C:\Users\ashwi\OneDrive\Documents\SpringMvcHelloWorld1\apache-tomcat-10.1.52\webapps\manager] has finished in [158] ms
23-Mar-2026 08:41:43.382 INFO [main] org.apache.catalina.startup.HostConfig.deployDirectory Deploying web application directory [C:\Users\ashwi\OneDrive\Documents\SpringMvcHelloWorld1\apache-tomcat-10.1.52\webapps\ROOT]
23-Mar-2026 08:41:43.500 INFO [main] org.apache.catalina.startup.HostConfig.deployDirectory Deployment of web application directory [C:\Users\ashwi\OneDrive\Documents\SpringMvcHelloWorld1\apache-tomcat-10.1.52\webapps\ROOT] has finished in [119] ms
23-Mar-2026 08:41:43.511 INFO [main] org.apache.coyote.AbstractProtocol.start Starting ProtocolHandler ["http-nio-8080"]
23-Mar-2026 08:41:43.583 INFO [main] org.apache.catalina.startup.Catalina.start Server startup in [15138] milliseconds
23-Mar-2026 08:42:08.321 WARNING [http-nio-8080-exec-2] org.springframework.web.servlet.DispatcherServlet.noHandlerFound No mapping for GET /SpringMvcHelloWorld/style.css
23-Mar-2026 08:42:08.391 WARNING [http-nio-8080-exec-2] org.springframework.web.servlet.mvc.support.DefaultHandlerExceptionResolver.handleNoHandlerFoundException No endpoint GET /SpringMvcHelloWorld/style.css.
23-Mar-2026 08:42:20.112 WARNING [http-nio-8080-exec-5] org.springframework.web.servlet.DispatcherServlet.noHandlerFound No mapping for GET /SpringMvcHelloWorld/jeans.html
23-Mar-2026 08:42:20.121 WARNING [http-nio-8080-exec-5] org.springframework.web.servlet.mvc.support.DefaultHandlerExceptionResolver.handleNoHandlerFoundException No endpoint GET /SpringMvcHelloWorld/jeans.html.
23-Mar-2026 08:42:36.085 WARNING [http-nio-8080-exec-8] org.springframework.web.servlet.DispatcherServlet.noHandlerFound No mapping for GET /SpringMvcHelloWorld/style.css
23-Mar-2026 08:42:36.089 WARNING [http-nio-8080-exec-8] org.springframework.web.servlet.mvc.support.DefaultHandlerExceptionResolver.handleNoHandlerFoundException No endpoint GET /SpringMvcHelloWorld/style.css.
23-Mar-2026 08:43:24.153 WARNING [http-nio-8080-exec-7] org.springframework.web.servlet.DispatcherServlet.noHandlerFound No mapping for GET /SpringMvcHelloWorld/style.css
23-Mar-2026 08:43:24.158 WARNING [http-nio-8080-exec-7] org.springframework.web.servlet.mvc.support.DefaultHandlerExceptionResolver.handleNoHandlerFoundException No endpoint GET /SpringMvcHelloWorld/style.css.
23-Mar-2026 08:49:48.340 WARNING [http-nio-8080-exec-6] org.springframework.web.servlet.DispatcherServlet.noHandlerFound No mapping for GET /SpringMvcHelloWorld/style.css
23-Mar-2026 08:49:48.340 WARNING [http-nio-8080-exec-6] org.springframework.web.servlet.mvc.support.DefaultHandlerExceptionResolver.handleNoHandlerFoundException No endpoint GET /SpringMvcHelloWorld/style.css.
23-Mar-2026 08:58:26.452 INFO [Catalina-utility-2] org.apache.catalina.startup.HostConfig.undeploy Undeploying context [/SpringMvcHelloWorld]
23-Mar-2026 08:58:26.720 SEVERE [Catalina-utility-2] org.apache.catalina.startup.ExpandWar.deleteDir [C:\Users\ashwi\OneDrive\Documents\SpringMvcHelloWorld1\apache-tomcat-10.1.52\work\Catalina\localhost\SpringMvcHelloWorld\org\apache\jsp\WEB_002dINF\views] could not be completely deleted. The presence of the remaining files may cause problems
23-Mar-2026 08:58:26.725 SEVERE [Catalina-utility-2] org.apache.catalina.startup.ExpandWar.deleteDir [C:\Users\ashwi\OneDrive\Documents\SpringMvcHelloWorld1\apache-tomcat-10.1.52\work\Catalina\localhost\SpringMvcHelloWorld\org\apache\jsp\WEB_002dINF] could not be completely deleted. The presence of the remaining files may cause problems
23-Mar-2026 08:58:26.727 SEVERE [Catalina-utility-2] org.apache.catalina.startup.ExpandWar.deleteDir [C:\Users\ashwi\OneDrive\Documents\SpringMvcHelloWorld1\apache-tomcat-10.1.52\work\Catalina\localhost\SpringMvcHelloWorld\org\apache\jsp] could not be completely deleted. The presence of the remaining files may cause problems
23-Mar-2026 08:58:26.729 SEVERE [Catalina-utility-2] org.apache.catalina.startup.ExpandWar.deleteDir [C:\Users\ashwi\OneDrive\Documents\SpringMvcHelloWorld1\apache-tomcat-10.1.52\work\Catalina\localhost\SpringMvcHelloWorld\org\apache] could not be completely deleted. The presence of the remaining files may cause problems
23-Mar-2026 08:58:26.732 SEVERE [Catalina-utility-2] org.apache.catalina.startup.ExpandWar.deleteDir [C:\Users\ashwi\OneDrive\Documents\SpringMvcHelloWorld1\apache-tomcat-10.1.52\work\Catalina\localhost\SpringMvcHelloWorld\org] could not be completely deleted. The presence of the remaining files may cause problems
23-Mar-2026 08:58:26.738 SEVERE [Catalina-utility-2] org.apache.catalina.startup.ExpandWar.deleteDir [C:\Users\ashwi\OneDrive\Documents\SpringMvcHelloWorld1\apache-tomcat-10.1.52\work\Catalina\localhost\SpringMvcHelloWorld] could not be completely deleted. The presence of the remaining files may cause problems
23-Mar-2026 08:58:26.740 SEVERE [Catalina-utility-2] org.apache.catalina.startup.ExpandWar.delete [C:\Users\ashwi\OneDrive\Documents\SpringMvcHelloWorld1\apache-tomcat-10.1.52\work\Catalina\localhost\SpringMvcHelloWorld] could not be completely deleted. The presence of the remaining files may cause problems
23-Mar-2026 09:09:27.141 INFO [main] org.apache.catalina.startup.VersionLoggerListener.log Server version name:   Apache Tomcat/10.1.52
23-Mar-2026 09:09:27.146 INFO [main] org.apache.catalina.startup.VersionLoggerListener.log Server built:          Jan 23 2026 19:29:07 UTC
23-Mar-2026 09:09:27.147 INFO [main] org.apache.catalina.startup.VersionLoggerListener.log Server version number: 10.1.52.0
23-Mar-2026 09:09:27.147 INFO [main] org.apache.catalina.startup.VersionLoggerListener.log OS Name:               Windows 11
23-Mar-2026 09:09:27.148 INFO [main] org.apache.catalina.startup.VersionLoggerListener.log OS Version:            10.0
23-Mar-2026 09:09:27.148 INFO [main] org.apache.catalina.startup.VersionLoggerListener.log Architecture:          amd64
23-Mar-2026 09:09:27.148 INFO [main] org.apache.catalina.startup.VersionLoggerListener.log Java Home:             C:\Program Files\Java\jdk-25.0.2
23-Mar-2026 09:09:27.149 INFO [main] org.apache.catalina.startup.VersionLoggerListener.log JVM Version:           25.0.2+10-LTS-69
23-Mar-2026 09:09:27.149 INFO [main] org.apache.catalina.startup.VersionLoggerListener.log JVM Vendor:            Oracle Corporation
23-Mar-2026 09:09:27.149 INFO [main] org.apache.catalina.startup.VersionLoggerListener.log CATALINA_BASE:         C:\Users\ashwi\OneDrive\Documents\SpringMvcHelloWorld1\apache-tomcat-10.1.52
23-Mar-2026 09:09:27.149 INFO [main] org.apache.catalina.startup.VersionLoggerListener.log CATALINA_HOME:         C:\Users\ashwi\OneDrive\Documents\SpringMvcHelloWorld1\apache-tomcat-10.1.52
23-Mar-2026 09:09:27.175 INFO [main] org.apache.catalina.startup.VersionLoggerListener.log Command line argument: -Djava.util.logging.config.file=C:\Users\ashwi\OneDrive\Documents\SpringMvcHelloWorld1\apache-tomcat-10.1.52\conf\logging.properties
23-Mar-2026 09:09:27.176 INFO [main] org.apache.catalina.startup.VersionLoggerListener.log Command line argument: -Djava.util.logging.manager=org.apache.juli.ClassLoaderLogManager
23-Mar-2026 09:09:27.176 INFO [main] org.apache.catalina.startup.VersionLoggerListener.log Command line argument: -Djdk.tls.ephemeralDHKeySize=2048
23-Mar-2026 09:09:27.177 INFO [main] org.apache.catalina.startup.VersionLoggerListener.log Command line argument: -Djava.protocol.handler.pkgs=org.apache.catalina.webresources
23-Mar-2026 09:09:27.177 INFO [main] org.apache.catalina.startup.VersionLoggerListener.log Command line argument: -Dsun.io.useCanonCaches=false
23-Mar-2026 09:09:27.177 INFO [main] org.apache.catalina.startup.VersionLoggerListener.log Command line argument: --add-opens=java.base/java.lang=ALL-UNNAMED
23-Mar-2026 09:09:27.178 INFO [main] org.apache.catalina.startup.VersionLoggerListener.log Command line argument: --add-opens=java.base/java.lang.reflect=ALL-UNNAMED
23-Mar-2026 09:09:27.178 INFO [main] org.apache.catalina.startup.VersionLoggerListener.log Command line argument: --add-opens=java.base/java.io=ALL-UNNAMED
23-Mar-2026 09:09:27.178 INFO [main] org.apache.catalina.startup.VersionLoggerListener.log Command line argument: --add-opens=java.base/java.util=ALL-UNNAMED
23-Mar-2026 09:09:27.179 INFO [main] org.apache.catalina.startup.VersionLoggerListener.log Command line argument: --add-opens=java.base/java.util.concurrent=ALL-UNNAMED
23-Mar-2026 09:09:27.179 INFO [main] org.apache.catalina.startup.VersionLoggerListener.log Command line argument: --add-opens=java.rmi/sun.rmi.transport=ALL-UNNAMED
23-Mar-2026 09:09:27.179 INFO [main] org.apache.catalina.startup.VersionLoggerListener.log Command line argument: -Dcatalina.base=C:\Users\ashwi\OneDrive\Documents\SpringMvcHelloWorld1\apache-tomcat-10.1.52
23-Mar-2026 09:09:27.180 INFO [main] org.apache.catalina.startup.VersionLoggerListener.log Command line argument: -Dcatalina.home=C:\Users\ashwi\OneDrive\Documents\SpringMvcHelloWorld1\apache-tomcat-10.1.52
23-Mar-2026 09:09:27.180 INFO [main] org.apache.catalina.startup.VersionLoggerListener.log Command line argument: -Djava.io.tmpdir=C:\Users\ashwi\OneDrive\Documents\SpringMvcHelloWorld1\apache-tomcat-10.1.52\temp
23-Mar-2026 09:09:27.193 INFO [main] org.apache.catalina.core.AprLifecycleListener.lifecycleEvent The Apache Tomcat Native library which allows using OpenSSL was not found on the java.library.path: [C:\Program Files\Java\jdk-25.0.2\bin;C:\WINDOWS\Sun\Java\bin;C:\WINDOWS\system32;C:\WINDOWS;C:\Program Files\Common Files\Oracle\Java\javapath;C:\Program Files\Eclipse Adoptium\jdk-17.0.17.10-hotspot\bin;C:\Python314\Scripts\;C:\Python314\;C:\WINDOWS\system32;C:\WINDOWS;C:\WINDOWS\System32\Wbem;C:\WINDOWS\System32\WindowsPowerShell\v1.0\;C:\WINDOWS\System32\OpenSSH\;C:\Program Files (x86)\Microsoft SQL Server\160\Tools\Binn\;C:\Program Files\Microsoft SQL Server\160\Tools\Binn\;C:\Program Files\Microsoft SQL Server\Client SDK\ODBC\170\Tools\Binn\;C:\Program Files\Microsoft SQL Server\160\DTS\Binn\;D:\bin;D:\Git\cmd;D:\NodeJS\;C:\ProgramData\chocolatey\bin;C:\Program Files\apache-maven-3.9.14\bin;C:\Users\ashwi\AppData\Local\Microsoft\WindowsApps;C:\Users\ashwi\AppData\Local\Programs\Microsoft VS Code\bin;C:\Program Files\Azure Data Studio\bin;C:\MinGW\bin;C:\Users\ashwi\AppData\Roaming\npm;C:\Users\ashwi\AppData\Local\Android\Sdk\platform-tools;C:\Users\ashwi\AppData\Local\Programs\Antigravity\bin;.]
23-Mar-2026 09:09:27.694 INFO [main] org.apache.coyote.AbstractProtocol.init Initializing ProtocolHandler ["http-nio-8080"]
23-Mar-2026 09:09:27.741 INFO [main] org.apache.catalina.startup.Catalina.load Server initialization in [942] milliseconds
23-Mar-2026 09:09:27.834 INFO [main] org.apache.catalina.core.StandardService.startInternal Starting service [Catalina]
23-Mar-2026 09:09:27.835 INFO [main] org.apache.catalina.core.StandardEngine.startInternal Starting Servlet engine: [Apache Tomcat/10.1.52]
23-Mar-2026 09:09:27.900 INFO [main] org.apache.catalina.startup.HostConfig.deployWAR Deploying web application archive [C:\Users\ashwi\OneDrive\Documents\SpringMvcHelloWorld1\apache-tomcat-10.1.52\webapps\SpringMvcHelloWorld.war]
23-Mar-2026 09:09:31.506 INFO [main] org.apache.jasper.servlet.TldScanner.scanJars At least one JAR was scanned for TLDs yet contained no TLDs. Enable debug logging for this logger for a complete list of JARs that were scanned but no TLDs were found in them. Skipping unneeded JARs during scanning can improve startup time and JSP compilation time.
23-Mar-2026 09:09:31.993 INFO [main] org.springframework.web.servlet.FrameworkServlet.initServletBean Initializing Servlet 'dispatcher'
23-Mar-2026 09:09:34.402 INFO [main] org.springframework.web.servlet.FrameworkServlet.initServletBean Completed initialization in 2407 ms
23-Mar-2026 09:09:34.433 INFO [main] org.apache.catalina.startup.HostConfig.deployWAR Deployment of web application archive [C:\Users\ashwi\OneDrive\Documents\SpringMvcHelloWorld1\apache-tomcat-10.1.52\webapps\SpringMvcHelloWorld.war] has finished in [6,528] ms
23-Mar-2026 09:09:34.435 INFO [main] org.apache.catalina.startup.HostConfig.deployDirectory Deploying web application directory [C:\Users\ashwi\OneDrive\Documents\SpringMvcHelloWorld1\apache-tomcat-10.1.52\webapps\docs]
23-Mar-2026 09:09:34.515 INFO [main] org.apache.catalina.startup.HostConfig.deployDirectory Deployment of web application directory [C:\Users\ashwi\OneDrive\Documents\SpringMvcHelloWorld1\apache-tomcat-10.1.52\webapps\docs] has finished in [82] ms
23-Mar-2026 09:09:34.515 INFO [main] org.apache.catalina.startup.HostConfig.deployDirectory Deploying web application directory [C:\Users\ashwi\OneDrive\Documents\SpringMvcHelloWorld1\apache-tomcat-10.1.52\webapps\examples]
23-Mar-2026 09:09:35.398 INFO [main] org.apache.catalina.startup.HostConfig.deployDirectory Deployment of web application directory [C:\Users\ashwi\OneDrive\Documents\SpringMvcHelloWorld1\apache-tomcat-10.1.52\webapps\examples] has finished in [883] ms
23-Mar-2026 09:09:35.398 INFO [main] org.apache.catalina.startup.HostConfig.deployDirectory Deploying web application directory [C:\Users\ashwi\OneDrive\Documents\SpringMvcHelloWorld1\apache-tomcat-10.1.52\webapps\host-manager]
23-Mar-2026 09:09:35.479 INFO [main] org.apache.catalina.startup.HostConfig.deployDirectory Deployment of web application directory [C:\Users\ashwi\OneDrive\Documents\SpringMvcHelloWorld1\apache-tomcat-10.1.52\webapps\host-manager] has finished in [81] ms
23-Mar-2026 09:09:35.479 INFO [main] org.apache.catalina.startup.HostConfig.deployDirectory Deploying web application directory [C:\Users\ashwi\OneDrive\Documents\SpringMvcHelloWorld1\apache-tomcat-10.1.52\webapps\manager]
23-Mar-2026 09:09:35.552 INFO [main] org.apache.catalina.startup.HostConfig.deployDirectory Deployment of web application directory [C:\Users\ashwi\OneDrive\Documents\SpringMvcHelloWorld1\apache-tomcat-10.1.52\webapps\manager] has finished in [73] ms
23-Mar-2026 09:09:35.553 INFO [main] org.apache.catalina.startup.HostConfig.deployDirectory Deploying web application directory [C:\Users\ashwi\OneDrive\Documents\SpringMvcHelloWorld1\apache-tomcat-10.1.52\webapps\ROOT]
23-Mar-2026 09:09:35.607 INFO [main] org.apache.catalina.startup.HostConfig.deployDirectory Deployment of web application directory [C:\Users\ashwi\OneDrive\Documents\SpringMvcHelloWorld1\apache-tomcat-10.1.52\webapps\ROOT] has finished in [54] ms
23-Mar-2026 09:09:35.615 INFO [main] org.apache.coyote.AbstractProtocol.start Starting ProtocolHandler ["http-nio-8080"]
23-Mar-2026 09:09:35.658 INFO [main] org.apache.catalina.startup.Catalina.start Server startup in [7912] milliseconds
23-Mar-2026 09:09:58.738 WARNING [http-nio-8080-exec-3] org.springframework.web.servlet.DispatcherServlet.noHandlerFound No mapping for GET /SpringMvcHelloWorld/style.css
23-Mar-2026 09:09:58.767 WARNING [http-nio-8080-exec-3] org.springframework.web.servlet.mvc.support.DefaultHandlerExceptionResolver.handleNoHandlerFoundException No endpoint GET /SpringMvcHelloWorld/style.css.
23-Mar-2026 09:09:58.878 WARNING [http-nio-8080-exec-4] org.springframework.web.servlet.DispatcherServlet.noHandlerFound No mapping for GET /SpringMvcHelloWorld/images/video.mp4
23-Mar-2026 09:09:58.881 WARNING [http-nio-8080-exec-4] org.springframework.web.servlet.mvc.support.DefaultHandlerExceptionResolver.handleNoHandlerFoundException No endpoint GET /SpringMvcHelloWorld/images/video.mp4.
23-Mar-2026 09:10:22.109 WARNING [http-nio-8080-exec-8] org.springframework.web.servlet.DispatcherServlet.noHandlerFound No mapping for GET /SpringMvcHelloWorld/user/style.css
23-Mar-2026 09:10:22.112 WARNING [http-nio-8080-exec-8] org.springframework.web.servlet.mvc.support.DefaultHandlerExceptionResolver.handleNoHandlerFoundException No endpoint GET /SpringMvcHelloWorld/user/style.css.
23-Mar-2026 09:10:49.724 WARNING [http-nio-8080-exec-2] org.springframework.web.servlet.DispatcherServlet.noHandlerFound No mapping for GET /SpringMvcHelloWorld/user/style.css
23-Mar-2026 09:10:49.732 WARNING [http-nio-8080-exec-2] org.springframework.web.servlet.mvc.support.DefaultHandlerExceptionResolver.handleNoHandlerFoundException No endpoint GET /SpringMvcHelloWorld/user/style.css.
23-Mar-2026 09:11:00.442 WARNING [http-nio-8080-exec-6] org.springframework.web.servlet.DispatcherServlet.noHandlerFound No mapping for GET /SpringMvcHelloWorld/style.css
23-Mar-2026 09:11:00.445 WARNING [http-nio-8080-exec-6] org.springframework.web.servlet.mvc.support.DefaultHandlerExceptionResolver.handleNoHandlerFoundException No endpoint GET /SpringMvcHelloWorld/style.css.
23-Mar-2026 09:11:00.464 WARNING [http-nio-8080-exec-7] org.springframework.web.servlet.DispatcherServlet.noHandlerFound No mapping for GET /SpringMvcHelloWorld/images/video.mp4
23-Mar-2026 09:11:00.464 WARNING [http-nio-8080-exec-7] org.springframework.web.servlet.mvc.support.DefaultHandlerExceptionResolver.handleNoHandlerFoundException No endpoint GET /SpringMvcHelloWorld/images/video.mp4.
23-Mar-2026 09:39:49.339 INFO [Catalina-utility-2] org.apache.catalina.startup.HostConfig.undeploy Undeploying context [/SpringMvcHelloWorld]
23-Mar-2026 09:39:49.634 SEVERE [Catalina-utility-2] org.apache.catalina.startup.ExpandWar.deleteDir [C:\Users\ashwi\OneDrive\Documents\SpringMvcHelloWorld1\apache-tomcat-10.1.52\work\Catalina\localhost\SpringMvcHelloWorld\org\apache\jsp\WEB_002dINF\views] could not be completely deleted. The presence of the remaining files may cause problems
23-Mar-2026 09:39:49.634 SEVERE [Catalina-utility-2] org.apache.catalina.startup.ExpandWar.deleteDir [C:\Users\ashwi\OneDrive\Documents\SpringMvcHelloWorld1\apache-tomcat-10.1.52\work\Catalina\localhost\SpringMvcHelloWorld\org\apache\jsp\WEB_002dINF] could not be completely deleted. The presence of the remaining files may cause problems
23-Mar-2026 09:39:49.634 SEVERE [Catalina-utility-2] org.apache.catalina.startup.ExpandWar.deleteDir [C:\Users\ashwi\OneDrive\Documents\SpringMvcHelloWorld1\apache-tomcat-10.1.52\work\Catalina\localhost\SpringMvcHelloWorld\org\apache\jsp] could not be completely deleted. The presence of the remaining files may cause problems
23-Mar-2026 09:39:49.634 SEVERE [Catalina-utility-2] org.apache.catalina.startup.ExpandWar.deleteDir [C:\Users\ashwi\OneDrive\Documents\SpringMvcHelloWorld1\apache-tomcat-10.1.52\work\Catalina\localhost\SpringMvcHelloWorld\org\apache] could not be completely deleted. The presence of the remaining files may cause problems
23-Mar-2026 09:39:49.634 SEVERE [Catalina-utility-2] org.apache.catalina.startup.ExpandWar.deleteDir [C:\Users\ashwi\OneDrive\Documents\SpringMvcHelloWorld1\apache-tomcat-10.1.52\work\Catalina\localhost\SpringMvcHelloWorld\org] could not be completely deleted. The presence of the remaining files may cause problems
23-Mar-2026 09:39:49.641 SEVERE [Catalina-utility-2] org.apache.catalina.startup.ExpandWar.deleteDir [C:\Users\ashwi\OneDrive\Documents\SpringMvcHelloWorld1\apache-tomcat-10.1.52\work\Catalina\localhost\SpringMvcHelloWorld] could not be completely deleted. The presence of the remaining files may cause problems
23-Mar-2026 09:39:49.641 SEVERE [Catalina-utility-2] org.apache.catalina.startup.ExpandWar.delete [C:\Users\ashwi\OneDrive\Documents\SpringMvcHelloWorld1\apache-tomcat-10.1.52\work\Catalina\localhost\SpringMvcHelloWorld] could not be completely deleted. The presence of the remaining files may cause problems
23-Mar-2026 09:44:38.315 INFO [main] org.apache.catalina.startup.VersionLoggerListener.log Server version name:   Apache Tomcat/10.1.52
23-Mar-2026 09:44:38.320 INFO [main] org.apache.catalina.startup.VersionLoggerListener.log Server built:          Jan 23 2026 19:29:07 UTC
23-Mar-2026 09:44:38.321 INFO [main] org.apache.catalina.startup.VersionLoggerListener.log Server version number: 10.1.52.0
23-Mar-2026 09:44:38.321 INFO [main] org.apache.catalina.startup.VersionLoggerListener.log OS Name:               Windows 11
23-Mar-2026 09:44:38.321 INFO [main] org.apache.catalina.startup.VersionLoggerListener.log OS Version:            10.0
23-Mar-2026 09:44:38.322 INFO [main] org.apache.catalina.startup.VersionLoggerListener.log Architecture:          amd64
23-Mar-2026 09:44:38.322 INFO [main] org.apache.catalina.startup.VersionLoggerListener.log Java Home:             C:\Program Files\Java\jdk-25.0.2
23-Mar-2026 09:44:38.322 INFO [main] org.apache.catalina.startup.VersionLoggerListener.log JVM Version:           25.0.2+10-LTS-69
23-Mar-2026 09:44:38.322 INFO [main] org.apache.catalina.startup.VersionLoggerListener.log JVM Vendor:            Oracle Corporation
23-Mar-2026 09:44:38.324 INFO [main] org.apache.catalina.startup.VersionLoggerListener.log CATALINA_BASE:         C:\Users\ashwi\OneDrive\Documents\SpringMvcHelloWorld1\apache-tomcat-10.1.52
23-Mar-2026 09:44:38.324 INFO [main] org.apache.catalina.startup.VersionLoggerListener.log CATALINA_HOME:         C:\Users\ashwi\OneDrive\Documents\SpringMvcHelloWorld1\apache-tomcat-10.1.52
23-Mar-2026 09:44:38.347 INFO [main] org.apache.catalina.startup.VersionLoggerListener.log Command line argument: -Djava.util.logging.config.file=C:\Users\ashwi\OneDrive\Documents\SpringMvcHelloWorld1\apache-tomcat-10.1.52\conf\logging.properties
23-Mar-2026 09:44:38.348 INFO [main] org.apache.catalina.startup.VersionLoggerListener.log Command line argument: -Djava.util.logging.manager=org.apache.juli.ClassLoaderLogManager
23-Mar-2026 09:44:38.348 INFO [main] org.apache.catalina.startup.VersionLoggerListener.log Command line argument: -Djdk.tls.ephemeralDHKeySize=2048
23-Mar-2026 09:44:38.348 INFO [main] org.apache.catalina.startup.VersionLoggerListener.log Command line argument: -Djava.protocol.handler.pkgs=org.apache.catalina.webresources
23-Mar-2026 09:44:38.348 INFO [main] org.apache.catalina.startup.VersionLoggerListener.log Command line argument: -Dsun.io.useCanonCaches=false
23-Mar-2026 09:44:38.348 INFO [main] org.apache.catalina.startup.VersionLoggerListener.log Command line argument: --add-opens=java.base/java.lang=ALL-UNNAMED
23-Mar-2026 09:44:38.349 INFO [main] org.apache.catalina.startup.VersionLoggerListener.log Command line argument: --add-opens=java.base/java.lang.reflect=ALL-UNNAMED
23-Mar-2026 09:44:38.349 INFO [main] org.apache.catalina.startup.VersionLoggerListener.log Command line argument: --add-opens=java.base/java.io=ALL-UNNAMED
23-Mar-2026 09:44:38.349 INFO [main] org.apache.catalina.startup.VersionLoggerListener.log Command line argument: --add-opens=java.base/java.util=ALL-UNNAMED
23-Mar-2026 09:44:38.349 INFO [main] org.apache.catalina.startup.VersionLoggerListener.log Command line argument: --add-opens=java.base/java.util.concurrent=ALL-UNNAMED
23-Mar-2026 09:44:38.350 INFO [main] org.apache.catalina.startup.VersionLoggerListener.log Command line argument: --add-opens=java.rmi/sun.rmi.transport=ALL-UNNAMED
23-Mar-2026 09:44:38.350 INFO [main] org.apache.catalina.startup.VersionLoggerListener.log Command line argument: -Dcatalina.base=C:\Users\ashwi\OneDrive\Documents\SpringMvcHelloWorld1\apache-tomcat-10.1.52
23-Mar-2026 09:44:38.350 INFO [main] org.apache.catalina.startup.VersionLoggerListener.log Command line argument: -Dcatalina.home=C:\Users\ashwi\OneDrive\Documents\SpringMvcHelloWorld1\apache-tomcat-10.1.52
23-Mar-2026 09:44:38.350 INFO [main] org.apache.catalina.startup.VersionLoggerListener.log Command line argument: -Djava.io.tmpdir=C:\Users\ashwi\OneDrive\Documents\SpringMvcHelloWorld1\apache-tomcat-10.1.52\temp
23-Mar-2026 09:44:38.362 INFO [main] org.apache.catalina.core.AprLifecycleListener.lifecycleEvent The Apache Tomcat Native library which allows using OpenSSL was not found on the java.library.path: [C:\Program Files\Java\jdk-25.0.2\bin;C:\WINDOWS\Sun\Java\bin;C:\WINDOWS\system32;C:\WINDOWS;C:\Program Files\Common Files\Oracle\Java\javapath;C:\Program Files\Eclipse Adoptium\jdk-17.0.17.10-hotspot\bin;C:\Python314\Scripts\;C:\Python314\;C:\WINDOWS\system32;C:\WINDOWS;C:\WINDOWS\System32\Wbem;C:\WINDOWS\System32\WindowsPowerShell\v1.0\;C:\WINDOWS\System32\OpenSSH\;C:\Program Files (x86)\Microsoft SQL Server\160\Tools\Binn\;C:\Program Files\Microsoft SQL Server\160\Tools\Binn\;C:\Program Files\Microsoft SQL Server\Client SDK\ODBC\170\Tools\Binn\;C:\Program Files\Microsoft SQL Server\160\DTS\Binn\;D:\bin;D:\Git\cmd;D:\NodeJS\;C:\ProgramData\chocolatey\bin;C:\Program Files\apache-maven-3.9.14\bin;C:\Users\ashwi\AppData\Local\Microsoft\WindowsApps;C:\Users\ashwi\AppData\Local\Programs\Microsoft VS Code\bin;C:\Program Files\Azure Data Studio\bin;C:\MinGW\bin;C:\Users\ashwi\AppData\Roaming\npm;C:\Users\ashwi\AppData\Local\Android\Sdk\platform-tools;C:\Users\ashwi\AppData\Local\Programs\Antigravity\bin;.]
23-Mar-2026 09:44:38.822 INFO [main] org.apache.coyote.AbstractProtocol.init Initializing ProtocolHandler ["http-nio-8080"]
23-Mar-2026 09:44:38.873 INFO [main] org.apache.catalina.startup.Catalina.load Server initialization in [872] milliseconds
23-Mar-2026 09:44:38.971 INFO [main] org.apache.catalina.core.StandardService.startInternal Starting service [Catalina]
23-Mar-2026 09:44:38.971 INFO [main] org.apache.catalina.core.StandardEngine.startInternal Starting Servlet engine: [Apache Tomcat/10.1.52]
23-Mar-2026 09:44:39.041 INFO [main] org.apache.catalina.startup.HostConfig.deployWAR Deploying web application archive [C:\Users\ashwi\OneDrive\Documents\SpringMvcHelloWorld1\apache-tomcat-10.1.52\webapps\SpringMvcHelloWorld.war]
23-Mar-2026 09:44:42.476 INFO [main] org.apache.jasper.servlet.TldScanner.scanJars At least one JAR was scanned for TLDs yet contained no TLDs. Enable debug logging for this logger for a complete list of JARs that were scanned but no TLDs were found in them. Skipping unneeded JARs during scanning can improve startup time and JSP compilation time.
23-Mar-2026 09:44:43.011 INFO [main] org.springframework.web.servlet.FrameworkServlet.initServletBean Initializing Servlet 'dispatcher'
23-Mar-2026 09:44:45.341 INFO [main] org.springframework.web.servlet.FrameworkServlet.initServletBean Completed initialization in 2327 ms
23-Mar-2026 09:44:45.371 INFO [main] org.apache.catalina.startup.HostConfig.deployWAR Deployment of web application archive [C:\Users\ashwi\OneDrive\Documents\SpringMvcHelloWorld1\apache-tomcat-10.1.52\webapps\SpringMvcHelloWorld.war] has finished in [6,324] ms
23-Mar-2026 09:44:45.373 INFO [main] org.apache.catalina.startup.HostConfig.deployDirectory Deploying web application directory [C:\Users\ashwi\OneDrive\Documents\SpringMvcHelloWorld1\apache-tomcat-10.1.52\webapps\docs]
23-Mar-2026 09:44:45.458 INFO [main] org.apache.catalina.startup.HostConfig.deployDirectory Deployment of web application directory [C:\Users\ashwi\OneDrive\Documents\SpringMvcHelloWorld1\apache-tomcat-10.1.52\webapps\docs] has finished in [85] ms
23-Mar-2026 09:44:45.459 INFO [main] org.apache.catalina.startup.HostConfig.deployDirectory Deploying web application directory [C:\Users\ashwi\OneDrive\Documents\SpringMvcHelloWorld1\apache-tomcat-10.1.52\webapps\examples]
23-Mar-2026 09:44:46.297 INFO [main] org.apache.catalina.startup.HostConfig.deployDirectory Deployment of web application directory [C:\Users\ashwi\OneDrive\Documents\SpringMvcHelloWorld1\apache-tomcat-10.1.52\webapps\examples] has finished in [838] ms
23-Mar-2026 09:44:46.298 INFO [main] org.apache.catalina.startup.HostConfig.deployDirectory Deploying web application directory [C:\Users\ashwi\OneDrive\Documents\SpringMvcHelloWorld1\apache-tomcat-10.1.52\webapps\host-manager]
23-Mar-2026 09:44:46.387 INFO [main] org.apache.catalina.startup.HostConfig.deployDirectory Deployment of web application directory [C:\Users\ashwi\OneDrive\Documents\SpringMvcHelloWorld1\apache-tomcat-10.1.52\webapps\host-manager] has finished in [89] ms
23-Mar-2026 09:44:46.388 INFO [main] org.apache.catalina.startup.HostConfig.deployDirectory Deploying web application directory [C:\Users\ashwi\OneDrive\Documents\SpringMvcHelloWorld1\apache-tomcat-10.1.52\webapps\manager]
23-Mar-2026 09:44:46.462 INFO [main] org.apache.catalina.startup.HostConfig.deployDirectory Deployment of web application directory [C:\Users\ashwi\OneDrive\Documents\SpringMvcHelloWorld1\apache-tomcat-10.1.52\webapps\manager] has finished in [74] ms
23-Mar-2026 09:44:46.463 INFO [main] org.apache.catalina.startup.HostConfig.deployDirectory Deploying web application directory [C:\Users\ashwi\OneDrive\Documents\SpringMvcHelloWorld1\apache-tomcat-10.1.52\webapps\ROOT]
23-Mar-2026 09:44:46.514 INFO [main] org.apache.catalina.startup.HostConfig.deployDirectory Deployment of web application directory [C:\Users\ashwi\OneDrive\Documents\SpringMvcHelloWorld1\apache-tomcat-10.1.52\webapps\ROOT] has finished in [52] ms
23-Mar-2026 09:44:46.521 INFO [main] org.apache.coyote.AbstractProtocol.start Starting ProtocolHandler ["http-nio-8080"]
23-Mar-2026 09:44:46.558 INFO [main] org.apache.catalina.startup.Catalina.start Server startup in [7681] milliseconds
23-Mar-2026 09:45:15.352 WARNING [http-nio-8080-exec-2] org.springframework.web.servlet.DispatcherServlet.noHandlerFound No mapping for GET /SpringMvcHelloWorld/style.css
23-Mar-2026 09:45:15.387 WARNING [http-nio-8080-exec-2] org.springframework.web.servlet.mvc.support.DefaultHandlerExceptionResolver.handleNoHandlerFoundException No endpoint GET /SpringMvcHelloWorld/style.css.
23-Mar-2026 09:45:15.392 WARNING [http-nio-8080-exec-4] org.springframework.web.servlet.DispatcherServlet.noHandlerFound No mapping for GET /SpringMvcHelloWorld/images/video.mp4
23-Mar-2026 09:45:15.396 WARNING [http-nio-8080-exec-4] org.springframework.web.servlet.mvc.support.DefaultHandlerExceptionResolver.handleNoHandlerFoundException No endpoint GET /SpringMvcHelloWorld/images/video.mp4.
23-Mar-2026 09:45:17.808 WARNING [http-nio-8080-exec-6] org.springframework.web.servlet.DispatcherServlet.noHandlerFound No mapping for GET /SpringMvcHelloWorld/user/style.css
23-Mar-2026 09:45:17.821 WARNING [http-nio-8080-exec-6] org.springframework.web.servlet.mvc.support.DefaultHandlerExceptionResolver.handleNoHandlerFoundException No endpoint GET /SpringMvcHelloWorld/user/style.css.
23-Mar-2026 09:45:39.307 WARNING [http-nio-8080-exec-10] org.springframework.web.servlet.DispatcherServlet.noHandlerFound No mapping for GET /SpringMvcHelloWorld/user/style.css
23-Mar-2026 09:45:39.309 WARNING [http-nio-8080-exec-10] org.springframework.web.servlet.mvc.support.DefaultHandlerExceptionResolver.handleNoHandlerFoundException No endpoint GET /SpringMvcHelloWorld/user/style.css.
23-Mar-2026 09:45:47.254 WARNING [http-nio-8080-exec-3] org.springframework.web.servlet.DispatcherServlet.noHandlerFound No mapping for GET /SpringMvcHelloWorld/user/style.css
23-Mar-2026 09:45:47.256 WARNING [http-nio-8080-exec-3] org.springframework.web.servlet.mvc.support.DefaultHandlerExceptionResolver.handleNoHandlerFoundException No endpoint GET /SpringMvcHelloWorld/user/style.css.
23-Mar-2026 09:45:53.179 WARNING [http-nio-8080-exec-4] org.springframework.web.servlet.DispatcherServlet.noHandlerFound No mapping for GET /SpringMvcHelloWorld/style.css
23-Mar-2026 09:45:53.183 WARNING [http-nio-8080-exec-4] org.springframework.web.servlet.mvc.support.DefaultHandlerExceptionResolver.handleNoHandlerFoundException No endpoint GET /SpringMvcHelloWorld/style.css.
23-Mar-2026 09:45:53.202 WARNING [http-nio-8080-exec-5] org.springframework.web.servlet.DispatcherServlet.noHandlerFound No mapping for GET /SpringMvcHelloWorld/images/video.mp4
23-Mar-2026 09:45:53.203 WARNING [http-nio-8080-exec-5] org.springframework.web.servlet.mvc.support.DefaultHandlerExceptionResolver.handleNoHandlerFoundException No endpoint GET /SpringMvcHelloWorld/images/video.mp4.
23-Mar-2026 09:45:59.782 WARNING [http-nio-8080-exec-8] org.springframework.web.servlet.DispatcherServlet.noHandlerFound No mapping for GET /SpringMvcHelloWorld/user/style.css
23-Mar-2026 09:45:59.788 WARNING [http-nio-8080-exec-8] org.springframework.web.servlet.mvc.support.DefaultHandlerExceptionResolver.handleNoHandlerFoundException No endpoint GET /SpringMvcHelloWorld/user/style.css.
23-Mar-2026 09:50:26.291 WARNING [http-nio-8080-exec-3] org.springframework.web.servlet.DispatcherServlet.noHandlerFound No mapping for GET /SpringMvcHelloWorld/style.css
23-Mar-2026 09:50:26.307 WARNING [http-nio-8080-exec-3] org.springframework.web.servlet.mvc.support.DefaultHandlerExceptionResolver.handleNoHandlerFoundException No endpoint GET /SpringMvcHelloWorld/style.css.
23-Mar-2026 09:50:26.412 WARNING [http-nio-8080-exec-2] org.springframework.web.servlet.DispatcherServlet.noHandlerFound No mapping for GET /SpringMvcHelloWorld/images/video.mp4
23-Mar-2026 09:50:26.413 WARNING [http-nio-8080-exec-2] org.springframework.web.servlet.mvc.support.DefaultHandlerExceptionResolver.handleNoHandlerFoundException No endpoint GET /SpringMvcHelloWorld/images/video.mp4.
23-Mar-2026 09:52:05.638 INFO [main] org.apache.catalina.startup.VersionLoggerListener.log Server version name:   Apache Tomcat/10.1.52
23-Mar-2026 09:52:05.643 INFO [main] org.apache.catalina.startup.VersionLoggerListener.log Server built:          Jan 23 2026 19:29:07 UTC
23-Mar-2026 09:52:05.645 INFO [main] org.apache.catalina.startup.VersionLoggerListener.log Server version number: 10.1.52.0
23-Mar-2026 09:52:05.646 INFO [main] org.apache.catalina.startup.VersionLoggerListener.log OS Name:               Windows 11
23-Mar-2026 09:52:05.646 INFO [main] org.apache.catalina.startup.VersionLoggerListener.log OS Version:            10.0
23-Mar-2026 09:52:05.647 INFO [main] org.apache.catalina.startup.VersionLoggerListener.log Architecture:          amd64
23-Mar-2026 09:52:05.647 INFO [main] org.apache.catalina.startup.VersionLoggerListener.log Java Home:             C:\Program Files\Java\jdk-25.0.2
23-Mar-2026 09:52:05.648 INFO [main] org.apache.catalina.startup.VersionLoggerListener.log JVM Version:           25.0.2+10-LTS-69
23-Mar-2026 09:52:05.648 INFO [main] org.apache.catalina.startup.VersionLoggerListener.log JVM Vendor:            Oracle Corporation
23-Mar-2026 09:52:05.649 INFO [main] org.apache.catalina.startup.VersionLoggerListener.log CATALINA_BASE:         C:\Users\ashwi\OneDrive\Documents\SpringMvcHelloWorld1\apache-tomcat-10.1.52
23-Mar-2026 09:52:05.650 INFO [main] org.apache.catalina.startup.VersionLoggerListener.log CATALINA_HOME:         C:\Users\ashwi\OneDrive\Documents\SpringMvcHelloWorld1\apache-tomcat-10.1.52
23-Mar-2026 09:52:05.677 INFO [main] org.apache.catalina.startup.VersionLoggerListener.log Command line argument: -Djava.util.logging.config.file=C:\Users\ashwi\OneDrive\Documents\SpringMvcHelloWorld1\apache-tomcat-10.1.52\conf\logging.properties
23-Mar-2026 09:52:05.677 INFO [main] org.apache.catalina.startup.VersionLoggerListener.log Command line argument: -Djava.util.logging.manager=org.apache.juli.ClassLoaderLogManager
23-Mar-2026 09:52:05.678 INFO [main] org.apache.catalina.startup.VersionLoggerListener.log Command line argument: -Djdk.tls.ephemeralDHKeySize=2048
23-Mar-2026 09:52:05.678 INFO [main] org.apache.catalina.startup.VersionLoggerListener.log Command line argument: -Djava.protocol.handler.pkgs=org.apache.catalina.webresources
23-Mar-2026 09:52:05.678 INFO [main] org.apache.catalina.startup.VersionLoggerListener.log Command line argument: -Dsun.io.useCanonCaches=false
23-Mar-2026 09:52:05.678 INFO [main] org.apache.catalina.startup.VersionLoggerListener.log Command line argument: --add-opens=java.base/java.lang=ALL-UNNAMED
23-Mar-2026 09:52:05.679 INFO [main] org.apache.catalina.startup.VersionLoggerListener.log Command line argument: --add-opens=java.base/java.lang.reflect=ALL-UNNAMED
23-Mar-2026 09:52:05.679 INFO [main] org.apache.catalina.startup.VersionLoggerListener.log Command line argument: --add-opens=java.base/java.io=ALL-UNNAMED
23-Mar-2026 09:52:05.679 INFO [main] org.apache.catalina.startup.VersionLoggerListener.log Command line argument: --add-opens=java.base/java.util=ALL-UNNAMED
23-Mar-2026 09:52:05.679 INFO [main] org.apache.catalina.startup.VersionLoggerListener.log Command line argument: --add-opens=java.base/java.util.concurrent=ALL-UNNAMED
23-Mar-2026 09:52:05.680 INFO [main] org.apache.catalina.startup.VersionLoggerListener.log Command line argument: --add-opens=java.rmi/sun.rmi.transport=ALL-UNNAMED
23-Mar-2026 09:52:05.680 INFO [main] org.apache.catalina.startup.VersionLoggerListener.log Command line argument: -Dcatalina.base=C:\Users\ashwi\OneDrive\Documents\SpringMvcHelloWorld1\apache-tomcat-10.1.52
23-Mar-2026 09:52:05.680 INFO [main] org.apache.catalina.startup.VersionLoggerListener.log Command line argument: -Dcatalina.home=C:\Users\ashwi\OneDrive\Documents\SpringMvcHelloWorld1\apache-tomcat-10.1.52
23-Mar-2026 09:52:05.680 INFO [main] org.apache.catalina.startup.VersionLoggerListener.log Command line argument: -Djava.io.tmpdir=C:\Users\ashwi\OneDrive\Documents\SpringMvcHelloWorld1\apache-tomcat-10.1.52\temp
23-Mar-2026 09:52:05.694 INFO [main] org.apache.catalina.core.AprLifecycleListener.lifecycleEvent The Apache Tomcat Native library which allows using OpenSSL was not found on the java.library.path: [C:\Program Files\Java\jdk-25.0.2\bin;C:\WINDOWS\Sun\Java\bin;C:\WINDOWS\system32;C:\WINDOWS;C:\Program Files\Common Files\Oracle\Java\javapath;C:\Program Files\Eclipse Adoptium\jdk-17.0.17.10-hotspot\bin;C:\Python314\Scripts\;C:\Python314\;C:\WINDOWS\system32;C:\WINDOWS;C:\WINDOWS\System32\Wbem;C:\WINDOWS\System32\WindowsPowerShell\v1.0\;C:\WINDOWS\System32\OpenSSH\;C:\Program Files (x86)\Microsoft SQL Server\160\Tools\Binn\;C:\Program Files\Microsoft SQL Server\160\Tools\Binn\;C:\Program Files\Microsoft SQL Server\Client SDK\ODBC\170\Tools\Binn\;C:\Program Files\Microsoft SQL Server\160\DTS\Binn\;D:\bin;D:\Git\cmd;D:\NodeJS\;C:\ProgramData\chocolatey\bin;C:\Program Files\apache-maven-3.9.14\bin;C:\Users\ashwi\AppData\Local\Microsoft\WindowsApps;C:\Users\ashwi\AppData\Local\Programs\Microsoft VS Code\bin;C:\Program Files\Azure Data Studio\bin;C:\MinGW\bin;C:\Users\ashwi\AppData\Roaming\npm;C:\Users\ashwi\AppData\Local\Android\Sdk\platform-tools;C:\Users\ashwi\AppData\Local\Programs\Antigravity\bin;.]
23-Mar-2026 09:52:06.138 INFO [main] org.apache.coyote.AbstractProtocol.init Initializing ProtocolHandler ["http-nio-8080"]
23-Mar-2026 09:52:06.195 INFO [main] org.apache.catalina.startup.Catalina.load Server initialization in [889] milliseconds
23-Mar-2026 09:52:06.297 INFO [main] org.apache.catalina.core.StandardService.startInternal Starting service [Catalina]
23-Mar-2026 09:52:06.298 INFO [main] org.apache.catalina.core.StandardEngine.startInternal Starting Servlet engine: [Apache Tomcat/10.1.52]
23-Mar-2026 09:52:06.375 INFO [main] org.apache.catalina.startup.HostConfig.deployWAR Deploying web application archive [C:\Users\ashwi\OneDrive\Documents\SpringMvcHelloWorld1\apache-tomcat-10.1.52\webapps\SpringMvcHelloWorld.war]
23-Mar-2026 09:52:10.123 INFO [main] org.apache.jasper.servlet.TldScanner.scanJars At least one JAR was scanned for TLDs yet contained no TLDs. Enable debug logging for this logger for a complete list of JARs that were scanned but no TLDs were found in them. Skipping unneeded JARs during scanning can improve startup time and JSP compilation time.
23-Mar-2026 09:52:10.640 INFO [main] org.springframework.web.servlet.FrameworkServlet.initServletBean Initializing Servlet 'dispatcher'
23-Mar-2026 09:52:13.054 INFO [main] org.springframework.web.servlet.FrameworkServlet.initServletBean Completed initialization in 2412 ms
23-Mar-2026 09:52:13.078 INFO [main] org.apache.catalina.startup.HostConfig.deployWAR Deployment of web application archive [C:\Users\ashwi\OneDrive\Documents\SpringMvcHelloWorld1\apache-tomcat-10.1.52\webapps\SpringMvcHelloWorld.war] has finished in [6,698] ms
23-Mar-2026 09:52:13.079 INFO [main] org.apache.catalina.startup.HostConfig.deployDirectory Deploying web application directory [C:\Users\ashwi\OneDrive\Documents\SpringMvcHelloWorld1\apache-tomcat-10.1.52\webapps\docs]
23-Mar-2026 09:52:13.173 INFO [main] org.apache.catalina.startup.HostConfig.deployDirectory Deployment of web application directory [C:\Users\ashwi\OneDrive\Documents\SpringMvcHelloWorld1\apache-tomcat-10.1.52\webapps\docs] has finished in [94] ms
23-Mar-2026 09:52:13.174 INFO [main] org.apache.catalina.startup.HostConfig.deployDirectory Deploying web application directory [C:\Users\ashwi\OneDrive\Documents\SpringMvcHelloWorld1\apache-tomcat-10.1.52\webapps\examples]
23-Mar-2026 09:52:14.093 INFO [main] org.apache.catalina.startup.HostConfig.deployDirectory Deployment of web application directory [C:\Users\ashwi\OneDrive\Documents\SpringMvcHelloWorld1\apache-tomcat-10.1.52\webapps\examples] has finished in [919] ms
23-Mar-2026 09:52:14.094 INFO [main] org.apache.catalina.startup.HostConfig.deployDirectory Deploying web application directory [C:\Users\ashwi\OneDrive\Documents\SpringMvcHelloWorld1\apache-tomcat-10.1.52\webapps\host-manager]
23-Mar-2026 09:52:14.185 INFO [main] org.apache.catalina.startup.HostConfig.deployDirectory Deployment of web application directory [C:\Users\ashwi\OneDrive\Documents\SpringMvcHelloWorld1\apache-tomcat-10.1.52\webapps\host-manager] has finished in [90] ms
23-Mar-2026 09:52:14.186 INFO [main] org.apache.catalina.startup.HostConfig.deployDirectory Deploying web application directory [C:\Users\ashwi\OneDrive\Documents\SpringMvcHelloWorld1\apache-tomcat-10.1.52\webapps\manager]
23-Mar-2026 09:52:14.280 INFO [main] org.apache.catalina.startup.HostConfig.deployDirectory Deployment of web application directory [C:\Users\ashwi\OneDrive\Documents\SpringMvcHelloWorld1\apache-tomcat-10.1.52\webapps\manager] has finished in [95] ms
23-Mar-2026 09:52:14.281 INFO [main] org.apache.catalina.startup.HostConfig.deployDirectory Deploying web application directory [C:\Users\ashwi\OneDrive\Documents\SpringMvcHelloWorld1\apache-tomcat-10.1.52\webapps\ROOT]
23-Mar-2026 09:52:14.349 INFO [main] org.apache.catalina.startup.HostConfig.deployDirectory Deployment of web application directory [C:\Users\ashwi\OneDrive\Documents\SpringMvcHelloWorld1\apache-tomcat-10.1.52\webapps\ROOT] has finished in [67] ms
23-Mar-2026 09:52:14.359 INFO [main] org.apache.coyote.AbstractProtocol.start Starting ProtocolHandler ["http-nio-8080"]
23-Mar-2026 09:52:14.411 INFO [main] org.apache.catalina.startup.Catalina.start Server startup in [8211] milliseconds
23-Mar-2026 09:52:43.320 WARNING [http-nio-8080-exec-3] org.springframework.web.servlet.DispatcherServlet.noHandlerFound No mapping for GET /SpringMvcHelloWorld/style.css
23-Mar-2026 09:52:43.324 WARNING [http-nio-8080-exec-5] org.springframework.web.servlet.DispatcherServlet.noHandlerFound No mapping for GET /SpringMvcHelloWorld/images/summer-product2.png
23-Mar-2026 09:52:43.326 WARNING [http-nio-8080-exec-4] org.springframework.web.servlet.DispatcherServlet.noHandlerFound No mapping for GET /SpringMvcHelloWorld/images/summer-product1.png
23-Mar-2026 09:52:43.362 WARNING [http-nio-8080-exec-5] org.springframework.web.servlet.mvc.support.DefaultHandlerExceptionResolver.handleNoHandlerFoundException No endpoint GET /SpringMvcHelloWorld/images/summer-product2.png.
23-Mar-2026 09:52:43.362 WARNING [http-nio-8080-exec-3] org.springframework.web.servlet.mvc.support.DefaultHandlerExceptionResolver.handleNoHandlerFoundException No endpoint GET /SpringMvcHelloWorld/style.css.
23-Mar-2026 09:52:43.363 WARNING [http-nio-8080-exec-6] org.springframework.web.servlet.DispatcherServlet.noHandlerFound No mapping for GET /SpringMvcHelloWorld/images/summer-product3.png
23-Mar-2026 09:52:43.366 WARNING [http-nio-8080-exec-4] org.springframework.web.servlet.mvc.support.DefaultHandlerExceptionResolver.handleNoHandlerFoundException No endpoint GET /SpringMvcHelloWorld/images/summer-product1.png.
23-Mar-2026 09:52:43.368 WARNING [http-nio-8080-exec-7] org.springframework.web.servlet.DispatcherServlet.noHandlerFound No mapping for GET /SpringMvcHelloWorld/images/product2.png
23-Mar-2026 09:52:43.370 WARNING [http-nio-8080-exec-6] org.springframework.web.servlet.mvc.support.DefaultHandlerExceptionResolver.handleNoHandlerFoundException No endpoint GET /SpringMvcHelloWorld/images/summer-product3.png.
23-Mar-2026 09:52:43.370 WARNING [http-nio-8080-exec-8] org.springframework.web.servlet.DispatcherServlet.noHandlerFound No mapping for GET /SpringMvcHelloWorld/images/product1.png
23-Mar-2026 09:52:43.378 WARNING [http-nio-8080-exec-7] org.springframework.web.servlet.mvc.support.DefaultHandlerExceptionResolver.handleNoHandlerFoundException No endpoint GET /SpringMvcHelloWorld/images/product2.png.
23-Mar-2026 09:52:43.387 WARNING [http-nio-8080-exec-8] org.springframework.web.servlet.mvc.support.DefaultHandlerExceptionResolver.handleNoHandlerFoundException No endpoint GET /SpringMvcHelloWorld/images/product1.png.
23-Mar-2026 09:52:43.387 WARNING [http-nio-8080-exec-9] org.springframework.web.servlet.DispatcherServlet.noHandlerFound No mapping for GET /SpringMvcHelloWorld/images/product3.png
23-Mar-2026 09:52:43.387 WARNING [http-nio-8080-exec-10] org.springframework.web.servlet.DispatcherServlet.noHandlerFound No mapping for GET /SpringMvcHelloWorld/images/product4.png
23-Mar-2026 09:52:43.391 WARNING [http-nio-8080-exec-2] org.springframework.web.servlet.DispatcherServlet.noHandlerFound No mapping for GET /SpringMvcHelloWorld/images/product6.png
23-Mar-2026 09:52:43.395 WARNING [http-nio-8080-exec-10] org.springframework.web.servlet.mvc.support.DefaultHandlerExceptionResolver.handleNoHandlerFoundException No endpoint GET /SpringMvcHelloWorld/images/product4.png.
23-Mar-2026 09:52:43.403 WARNING [http-nio-8080-exec-1] org.springframework.web.servlet.DispatcherServlet.noHandlerFound No mapping for GET /SpringMvcHelloWorld/images/product5.png
23-Mar-2026 09:52:43.408 WARNING [http-nio-8080-exec-5] org.springframework.web.servlet.DispatcherServlet.noHandlerFound No mapping for GET /SpringMvcHelloWorld/images/video.mp4
23-Mar-2026 09:52:43.423 WARNING [http-nio-8080-exec-2] org.springframework.web.servlet.mvc.support.DefaultHandlerExceptionResolver.handleNoHandlerFoundException No endpoint GET /SpringMvcHelloWorld/images/product6.png.
23-Mar-2026 09:52:43.413 WARNING [http-nio-8080-exec-9] org.springframework.web.servlet.mvc.support.DefaultHandlerExceptionResolver.handleNoHandlerFoundException No endpoint GET /SpringMvcHelloWorld/images/product3.png.
23-Mar-2026 09:52:43.437 WARNING [http-nio-8080-exec-1] org.springframework.web.servlet.mvc.support.DefaultHandlerExceptionResolver.handleNoHandlerFoundException No endpoint GET /SpringMvcHelloWorld/images/product5.png.
23-Mar-2026 09:52:43.439 WARNING [http-nio-8080-exec-5] org.springframework.web.servlet.mvc.support.DefaultHandlerExceptionResolver.handleNoHandlerFoundException No endpoint GET /SpringMvcHelloWorld/images/video.mp4.
23-Mar-2026 09:53:09.081 WARNING [http-nio-8080-exec-1] org.springframework.web.servlet.DispatcherServlet.noHandlerFound No mapping for GET /SpringMvcHelloWorld/user/style.css
23-Mar-2026 09:53:09.085 WARNING [http-nio-8080-exec-1] org.springframework.web.servlet.mvc.support.DefaultHandlerExceptionResolver.handleNoHandlerFoundException No endpoint GET /SpringMvcHelloWorld/user/style.css.
23-Mar-2026 09:54:46.862 INFO [main] org.apache.catalina.startup.VersionLoggerListener.log Server version name:   Apache Tomcat/10.1.52
23-Mar-2026 09:54:46.868 INFO [main] org.apache.catalina.startup.VersionLoggerListener.log Server built:          Jan 23 2026 19:29:07 UTC
23-Mar-2026 09:54:46.869 INFO [main] org.apache.catalina.startup.VersionLoggerListener.log Server version number: 10.1.52.0
23-Mar-2026 09:54:46.870 INFO [main] org.apache.catalina.startup.VersionLoggerListener.log OS Name:               Windows 11
23-Mar-2026 09:54:46.870 INFO [main] org.apache.catalina.startup.VersionLoggerListener.log OS Version:            10.0
23-Mar-2026 09:54:46.871 INFO [main] org.apache.catalina.startup.VersionLoggerListener.log Architecture:          amd64
23-Mar-2026 09:54:46.871 INFO [main] org.apache.catalina.startup.VersionLoggerListener.log Java Home:             C:\Program Files\Java\jdk-25.0.2
23-Mar-2026 09:54:46.871 INFO [main] org.apache.catalina.startup.VersionLoggerListener.log JVM Version:           25.0.2+10-LTS-69
23-Mar-2026 09:54:46.873 INFO [main] org.apache.catalina.startup.VersionLoggerListener.log JVM Vendor:            Oracle Corporation
23-Mar-2026 09:54:46.873 INFO [main] org.apache.catalina.startup.VersionLoggerListener.log CATALINA_BASE:         C:\Users\ashwi\OneDrive\Documents\SpringMvcHelloWorld1\apache-tomcat-10.1.52
23-Mar-2026 09:54:46.874 INFO [main] org.apache.catalina.startup.VersionLoggerListener.log CATALINA_HOME:         C:\Users\ashwi\OneDrive\Documents\SpringMvcHelloWorld1\apache-tomcat-10.1.52
23-Mar-2026 09:54:46.897 INFO [main] org.apache.catalina.startup.VersionLoggerListener.log Command line argument: -Djava.util.logging.config.file=C:\Users\ashwi\OneDrive\Documents\SpringMvcHelloWorld1\apache-tomcat-10.1.52\conf\logging.properties
23-Mar-2026 09:54:46.897 INFO [main] org.apache.catalina.startup.VersionLoggerListener.log Command line argument: -Djava.util.logging.manager=org.apache.juli.ClassLoaderLogManager
23-Mar-2026 09:54:46.898 INFO [main] org.apache.catalina.startup.VersionLoggerListener.log Command line argument: -Djdk.tls.ephemeralDHKeySize=2048
23-Mar-2026 09:54:46.898 INFO [main] org.apache.catalina.startup.VersionLoggerListener.log Command line argument: -Djava.protocol.handler.pkgs=org.apache.catalina.webresources
23-Mar-2026 09:54:46.898 INFO [main] org.apache.catalina.startup.VersionLoggerListener.log Command line argument: -Dsun.io.useCanonCaches=false
23-Mar-2026 09:54:46.898 INFO [main] org.apache.catalina.startup.VersionLoggerListener.log Command line argument: --add-opens=java.base/java.lang=ALL-UNNAMED
23-Mar-2026 09:54:46.898 INFO [main] org.apache.catalina.startup.VersionLoggerListener.log Command line argument: --add-opens=java.base/java.lang.reflect=ALL-UNNAMED
23-Mar-2026 09:54:46.898 INFO [main] org.apache.catalina.startup.VersionLoggerListener.log Command line argument: --add-opens=java.base/java.io=ALL-UNNAMED
23-Mar-2026 09:54:46.898 INFO [main] org.apache.catalina.startup.VersionLoggerListener.log Command line argument: --add-opens=java.base/java.util=ALL-UNNAMED
23-Mar-2026 09:54:46.899 INFO [main] org.apache.catalina.startup.VersionLoggerListener.log Command line argument: --add-opens=java.base/java.util.concurrent=ALL-UNNAMED
23-Mar-2026 09:54:46.899 INFO [main] org.apache.catalina.startup.VersionLoggerListener.log Command line argument: --add-opens=java.rmi/sun.rmi.transport=ALL-UNNAMED
23-Mar-2026 09:54:46.900 INFO [main] org.apache.catalina.startup.VersionLoggerListener.log Command line argument: -Dcatalina.base=C:\Users\ashwi\OneDrive\Documents\SpringMvcHelloWorld1\apache-tomcat-10.1.52
23-Mar-2026 09:54:46.900 INFO [main] org.apache.catalina.startup.VersionLoggerListener.log Command line argument: -Dcatalina.home=C:\Users\ashwi\OneDrive\Documents\SpringMvcHelloWorld1\apache-tomcat-10.1.52
23-Mar-2026 09:54:46.900 INFO [main] org.apache.catalina.startup.VersionLoggerListener.log Command line argument: -Djava.io.tmpdir=C:\Users\ashwi\OneDrive\Documents\SpringMvcHelloWorld1\apache-tomcat-10.1.52\temp
23-Mar-2026 09:54:46.915 INFO [main] org.apache.catalina.core.AprLifecycleListener.lifecycleEvent The Apache Tomcat Native library which allows using OpenSSL was not found on the java.library.path: [C:\Program Files\Java\jdk-25.0.2\bin;C:\WINDOWS\Sun\Java\bin;C:\WINDOWS\system32;C:\WINDOWS;C:\Program Files\Common Files\Oracle\Java\javapath;C:\Program Files\Eclipse Adoptium\jdk-17.0.17.10-hotspot\bin;C:\Python314\Scripts\;C:\Python314\;C:\WINDOWS\system32;C:\WINDOWS;C:\WINDOWS\System32\Wbem;C:\WINDOWS\System32\WindowsPowerShell\v1.0\;C:\WINDOWS\System32\OpenSSH\;C:\Program Files (x86)\Microsoft SQL Server\160\Tools\Binn\;C:\Program Files\Microsoft SQL Server\160\Tools\Binn\;C:\Program Files\Microsoft SQL Server\Client SDK\ODBC\170\Tools\Binn\;C:\Program Files\Microsoft SQL Server\160\DTS\Binn\;D:\bin;D:\Git\cmd;D:\NodeJS\;C:\ProgramData\chocolatey\bin;C:\Program Files\apache-maven-3.9.14\bin;C:\Users\ashwi\AppData\Local\Microsoft\WindowsApps;C:\Users\ashwi\AppData\Local\Programs\Microsoft VS Code\bin;C:\Program Files\Azure Data Studio\bin;C:\MinGW\bin;C:\Users\ashwi\AppData\Roaming\npm;C:\Users\ashwi\AppData\Local\Android\Sdk\platform-tools;C:\Users\ashwi\AppData\Local\Programs\Antigravity\bin;.]
23-Mar-2026 09:54:47.385 INFO [main] org.apache.coyote.AbstractProtocol.init Initializing ProtocolHandler ["http-nio-8080"]
23-Mar-2026 09:54:47.434 INFO [main] org.apache.catalina.startup.Catalina.load Server initialization in [936] milliseconds
23-Mar-2026 09:54:47.525 INFO [main] org.apache.catalina.core.StandardService.startInternal Starting service [Catalina]
23-Mar-2026 09:54:47.526 INFO [main] org.apache.catalina.core.StandardEngine.startInternal Starting Servlet engine: [Apache Tomcat/10.1.52]
23-Mar-2026 09:54:47.582 INFO [main] org.apache.catalina.startup.HostConfig.deployWAR Deploying web application archive [C:\Users\ashwi\OneDrive\Documents\SpringMvcHelloWorld1\apache-tomcat-10.1.52\webapps\SpringMvcHelloWorld.war]
23-Mar-2026 09:54:51.230 INFO [main] org.apache.jasper.servlet.TldScanner.scanJars At least one JAR was scanned for TLDs yet contained no TLDs. Enable debug logging for this logger for a complete list of JARs that were scanned but no TLDs were found in them. Skipping unneeded JARs during scanning can improve startup time and JSP compilation time.
23-Mar-2026 09:54:51.758 INFO [main] org.springframework.web.servlet.FrameworkServlet.initServletBean Initializing Servlet 'dispatcher'
23-Mar-2026 09:54:54.138 INFO [main] org.springframework.web.servlet.FrameworkServlet.initServletBean Completed initialization in 2379 ms
23-Mar-2026 09:54:54.162 INFO [main] org.apache.catalina.startup.HostConfig.deployWAR Deployment of web application archive [C:\Users\ashwi\OneDrive\Documents\SpringMvcHelloWorld1\apache-tomcat-10.1.52\webapps\SpringMvcHelloWorld.war] has finished in [6,574] ms
23-Mar-2026 09:54:54.164 INFO [main] org.apache.catalina.startup.HostConfig.deployDirectory Deploying web application directory [C:\Users\ashwi\OneDrive\Documents\SpringMvcHelloWorld1\apache-tomcat-10.1.52\webapps\docs]
23-Mar-2026 09:54:54.247 INFO [main] org.apache.catalina.startup.HostConfig.deployDirectory Deployment of web application directory [C:\Users\ashwi\OneDrive\Documents\SpringMvcHelloWorld1\apache-tomcat-10.1.52\webapps\docs] has finished in [83] ms
23-Mar-2026 09:54:54.247 INFO [main] org.apache.catalina.startup.HostConfig.deployDirectory Deploying web application directory [C:\Users\ashwi\OneDrive\Documents\SpringMvcHelloWorld1\apache-tomcat-10.1.52\webapps\examples]
23-Mar-2026 09:54:55.097 INFO [main] org.apache.catalina.startup.HostConfig.deployDirectory Deployment of web application directory [C:\Users\ashwi\OneDrive\Documents\SpringMvcHelloWorld1\apache-tomcat-10.1.52\webapps\examples] has finished in [850] ms
23-Mar-2026 09:54:55.098 INFO [main] org.apache.catalina.startup.HostConfig.deployDirectory Deploying web application directory [C:\Users\ashwi\OneDrive\Documents\SpringMvcHelloWorld1\apache-tomcat-10.1.52\webapps\host-manager]
23-Mar-2026 09:54:55.194 INFO [main] org.apache.catalina.startup.HostConfig.deployDirectory Deployment of web application directory [C:\Users\ashwi\OneDrive\Documents\SpringMvcHelloWorld1\apache-tomcat-10.1.52\webapps\host-manager] has finished in [96] ms
23-Mar-2026 09:54:55.195 INFO [main] org.apache.catalina.startup.HostConfig.deployDirectory Deploying web application directory [C:\Users\ashwi\OneDrive\Documents\SpringMvcHelloWorld1\apache-tomcat-10.1.52\webapps\manager]
23-Mar-2026 09:54:55.294 INFO [main] org.apache.catalina.startup.HostConfig.deployDirectory Deployment of web application directory [C:\Users\ashwi\OneDrive\Documents\SpringMvcHelloWorld1\apache-tomcat-10.1.52\webapps\manager] has finished in [99] ms
23-Mar-2026 09:54:55.295 INFO [main] org.apache.catalina.startup.HostConfig.deployDirectory Deploying web application directory [C:\Users\ashwi\OneDrive\Documents\SpringMvcHelloWorld1\apache-tomcat-10.1.52\webapps\ROOT]
23-Mar-2026 09:54:55.355 INFO [main] org.apache.catalina.startup.HostConfig.deployDirectory Deployment of web application directory [C:\Users\ashwi\OneDrive\Documents\SpringMvcHelloWorld1\apache-tomcat-10.1.52\webapps\ROOT] has finished in [60] ms
23-Mar-2026 09:54:55.361 INFO [main] org.apache.coyote.AbstractProtocol.start Starting ProtocolHandler ["http-nio-8080"]
23-Mar-2026 09:54:55.407 INFO [main] org.apache.catalina.startup.Catalina.start Server startup in [7967] milliseconds
23-Mar-2026 09:55:20.684 WARNING [http-nio-8080-exec-2] org.springframework.web.servlet.DispatcherServlet.noHandlerFound No mapping for GET /SpringMvcHelloWorld/style.css
23-Mar-2026 09:55:20.684 WARNING [http-nio-8080-exec-4] org.springframework.web.servlet.DispatcherServlet.noHandlerFound No mapping for GET /SpringMvcHelloWorld/images/summer-product1.png
23-Mar-2026 09:55:20.685 WARNING [http-nio-8080-exec-5] org.springframework.web.servlet.DispatcherServlet.noHandlerFound No mapping for GET /SpringMvcHelloWorld/images/summer-product2.png
23-Mar-2026 09:55:20.706 WARNING [http-nio-8080-exec-6] org.springframework.web.servlet.DispatcherServlet.noHandlerFound No mapping for GET /SpringMvcHelloWorld/images/summer-product3.png
23-Mar-2026 09:55:20.710 WARNING [http-nio-8080-exec-7] org.springframework.web.servlet.DispatcherServlet.noHandlerFound No mapping for GET /SpringMvcHelloWorld/images/product1.png
23-Mar-2026 09:55:20.714 WARNING [http-nio-8080-exec-6] org.springframework.web.servlet.mvc.support.DefaultHandlerExceptionResolver.handleNoHandlerFoundException No endpoint GET /SpringMvcHelloWorld/images/summer-product3.png.
23-Mar-2026 09:55:20.714 WARNING [http-nio-8080-exec-5] org.springframework.web.servlet.mvc.support.DefaultHandlerExceptionResolver.handleNoHandlerFoundException No endpoint GET /SpringMvcHelloWorld/images/summer-product2.png.
23-Mar-2026 09:55:20.714 WARNING [http-nio-8080-exec-2] org.springframework.web.servlet.mvc.support.DefaultHandlerExceptionResolver.handleNoHandlerFoundException No endpoint GET /SpringMvcHelloWorld/style.css.
23-Mar-2026 09:55:20.716 WARNING [http-nio-8080-exec-8] org.springframework.web.servlet.DispatcherServlet.noHandlerFound No mapping for GET /SpringMvcHelloWorld/images/product2.png
23-Mar-2026 09:55:20.718 WARNING [http-nio-8080-exec-7] org.springframework.web.servlet.mvc.support.DefaultHandlerExceptionResolver.handleNoHandlerFoundException No endpoint GET /SpringMvcHelloWorld/images/product1.png.
23-Mar-2026 09:55:20.716 WARNING [http-nio-8080-exec-4] org.springframework.web.servlet.mvc.support.DefaultHandlerExceptionResolver.handleNoHandlerFoundException No endpoint GET /SpringMvcHelloWorld/images/summer-product1.png.
23-Mar-2026 09:55:20.722 WARNING [http-nio-8080-exec-8] org.springframework.web.servlet.mvc.support.DefaultHandlerExceptionResolver.handleNoHandlerFoundException No endpoint GET /SpringMvcHelloWorld/images/product2.png.
23-Mar-2026 09:55:20.747 WARNING [http-nio-8080-exec-9] org.springframework.web.servlet.DispatcherServlet.noHandlerFound No mapping for GET /SpringMvcHelloWorld/images/product3.png
23-Mar-2026 09:55:20.749 WARNING [http-nio-8080-exec-3] org.springframework.web.servlet.DispatcherServlet.noHandlerFound No mapping for GET /SpringMvcHelloWorld/images/product6.png
23-Mar-2026 09:55:20.750 WARNING [http-nio-8080-exec-10] org.springframework.web.servlet.DispatcherServlet.noHandlerFound No mapping for GET /SpringMvcHelloWorld/images/product4.png
23-Mar-2026 09:55:20.754 WARNING [http-nio-8080-exec-3] org.springframework.web.servlet.mvc.support.DefaultHandlerExceptionResolver.handleNoHandlerFoundException No endpoint GET /SpringMvcHelloWorld/images/product6.png.
23-Mar-2026 09:55:20.755 WARNING [http-nio-8080-exec-7] org.springframework.web.servlet.DispatcherServlet.noHandlerFound No mapping for GET /SpringMvcHelloWorld/images/video.mp4
23-Mar-2026 09:55:20.753 WARNING [http-nio-8080-exec-1] org.springframework.web.servlet.DispatcherServlet.noHandlerFound No mapping for GET /SpringMvcHelloWorld/images/product5.png
23-Mar-2026 09:55:20.757 WARNING [http-nio-8080-exec-9] org.springframework.web.servlet.mvc.support.DefaultHandlerExceptionResolver.handleNoHandlerFoundException No endpoint GET /SpringMvcHelloWorld/images/product3.png.
23-Mar-2026 09:55:20.758 WARNING [http-nio-8080-exec-7] org.springframework.web.servlet.mvc.support.DefaultHandlerExceptionResolver.handleNoHandlerFoundException No endpoint GET /SpringMvcHelloWorld/images/video.mp4.
23-Mar-2026 09:55:20.758 WARNING [http-nio-8080-exec-10] org.springframework.web.servlet.mvc.support.DefaultHandlerExceptionResolver.handleNoHandlerFoundException No endpoint GET /SpringMvcHelloWorld/images/product4.png.
23-Mar-2026 09:55:20.763 WARNING [http-nio-8080-exec-1] org.springframework.web.servlet.mvc.support.DefaultHandlerExceptionResolver.handleNoHandlerFoundException No endpoint GET /SpringMvcHelloWorld/images/product5.png.
23-Mar-2026 09:55:20.837 WARNING [http-nio-8080-exec-8] org.springframework.web.servlet.DispatcherServlet.noHandlerFound No mapping for GET /SpringMvcHelloWorld/favicon.png
23-Mar-2026 09:55:20.837 WARNING [http-nio-8080-exec-8] org.springframework.web.servlet.mvc.support.DefaultHandlerExceptionResolver.handleNoHandlerFoundException No endpoint GET /SpringMvcHelloWorld/favicon.png.
23-Mar-2026 09:55:25.528 WARNING [http-nio-8080-exec-2] org.springframework.web.servlet.DispatcherServlet.noHandlerFound No mapping for GET /SpringMvcHelloWorld/user/style.css
23-Mar-2026 09:55:25.530 WARNING [http-nio-8080-exec-2] org.springframework.web.servlet.mvc.support.DefaultHandlerExceptionResolver.handleNoHandlerFoundException No endpoint GET /SpringMvcHelloWorld/user/style.css.
23-Mar-2026 09:56:00.698 WARNING [http-nio-8080-exec-8] org.springframework.web.servlet.DispatcherServlet.noHandlerFound No mapping for GET /SpringMvcHelloWorld/user/style.css
23-Mar-2026 09:56:00.700 WARNING [http-nio-8080-exec-8] org.springframework.web.servlet.mvc.support.DefaultHandlerExceptionResolver.handleNoHandlerFoundException No endpoint GET /SpringMvcHelloWorld/user/style.css.
23-Mar-2026 09:56:18.395 WARNING [http-nio-8080-exec-2] org.springframework.web.servlet.DispatcherServlet.noHandlerFound No mapping for GET /SpringMvcHelloWorld/user/style.css
23-Mar-2026 09:56:18.395 WARNING [http-nio-8080-exec-2] org.springframework.web.servlet.mvc.support.DefaultHandlerExceptionResolver.handleNoHandlerFoundException No endpoint GET /SpringMvcHelloWorld/user/style.css.
23-Mar-2026 09:56:27.933 WARNING [http-nio-8080-exec-6] org.springframework.web.servlet.DispatcherServlet.noHandlerFound No mapping for GET /SpringMvcHelloWorld/images/summer-product1.png
23-Mar-2026 09:56:27.934 WARNING [http-nio-8080-exec-7] org.springframework.web.servlet.DispatcherServlet.noHandlerFound No mapping for GET /SpringMvcHelloWorld/images/summer-product2.png
23-Mar-2026 09:56:27.937 WARNING [http-nio-8080-exec-3] org.springframework.web.servlet.DispatcherServlet.noHandlerFound No mapping for GET /SpringMvcHelloWorld/style.css
23-Mar-2026 09:56:27.939 WARNING [http-nio-8080-exec-7] org.springframework.web.servlet.mvc.support.DefaultHandlerExceptionResolver.handleNoHandlerFoundException No endpoint GET /SpringMvcHelloWorld/images/summer-product2.png.
23-Mar-2026 09:56:27.939 WARNING [http-nio-8080-exec-6] org.springframework.web.servlet.mvc.support.DefaultHandlerExceptionResolver.handleNoHandlerFoundException No endpoint GET /SpringMvcHelloWorld/images/summer-product1.png.
23-Mar-2026 09:56:27.943 WARNING [http-nio-8080-exec-3] org.springframework.web.servlet.mvc.support.DefaultHandlerExceptionResolver.handleNoHandlerFoundException No endpoint GET /SpringMvcHelloWorld/style.css.
23-Mar-2026 09:56:27.955 WARNING [http-nio-8080-exec-10] org.springframework.web.servlet.DispatcherServlet.noHandlerFound No mapping for GET /SpringMvcHelloWorld/images/summer-product3.png
23-Mar-2026 09:56:27.955 WARNING [http-nio-8080-exec-1] org.springframework.web.servlet.DispatcherServlet.noHandlerFound No mapping for GET /SpringMvcHelloWorld/images/product1.png
23-Mar-2026 09:56:27.957 WARNING [http-nio-8080-exec-4] org.springframework.web.servlet.DispatcherServlet.noHandlerFound No mapping for GET /SpringMvcHelloWorld/images/product3.png
23-Mar-2026 09:56:27.958 WARNING [http-nio-8080-exec-8] org.springframework.web.servlet.DispatcherServlet.noHandlerFound No mapping for GET /SpringMvcHelloWorld/images/product2.png
23-Mar-2026 09:56:27.963 WARNING [http-nio-8080-exec-10] org.springframework.web.servlet.mvc.support.DefaultHandlerExceptionResolver.handleNoHandlerFoundException No endpoint GET /SpringMvcHelloWorld/images/summer-product3.png.
23-Mar-2026 09:56:27.968 WARNING [http-nio-8080-exec-2] org.springframework.web.servlet.DispatcherServlet.noHandlerFound No mapping for GET /SpringMvcHelloWorld/images/product5.png
23-Mar-2026 09:56:27.968 WARNING [http-nio-8080-exec-1] org.springframework.web.servlet.mvc.support.DefaultHandlerExceptionResolver.handleNoHandlerFoundException No endpoint GET /SpringMvcHelloWorld/images/product1.png.
23-Mar-2026 09:56:27.970 WARNING [http-nio-8080-exec-4] org.springframework.web.servlet.mvc.support.DefaultHandlerExceptionResolver.handleNoHandlerFoundException No endpoint GET /SpringMvcHelloWorld/images/product3.png.
23-Mar-2026 09:56:27.970 WARNING [http-nio-8080-exec-3] org.springframework.web.servlet.DispatcherServlet.noHandlerFound No mapping for GET /SpringMvcHelloWorld/images/product4.png
23-Mar-2026 09:56:27.972 WARNING [http-nio-8080-exec-8] org.springframework.web.servlet.mvc.support.DefaultHandlerExceptionResolver.handleNoHandlerFoundException No endpoint GET /SpringMvcHelloWorld/images/product2.png.
23-Mar-2026 09:56:27.978 WARNING [http-nio-8080-exec-5] org.springframework.web.servlet.DispatcherServlet.noHandlerFound No mapping for GET /SpringMvcHelloWorld/images/product6.png
23-Mar-2026 09:56:27.978 WARNING [http-nio-8080-exec-2] org.springframework.web.servlet.mvc.support.DefaultHandlerExceptionResolver.handleNoHandlerFoundException No endpoint GET /SpringMvcHelloWorld/images/product5.png.
23-Mar-2026 09:56:27.983 WARNING [http-nio-8080-exec-3] org.springframework.web.servlet.mvc.support.DefaultHandlerExceptionResolver.handleNoHandlerFoundException No endpoint GET /SpringMvcHelloWorld/images/product4.png.
23-Mar-2026 09:56:27.991 WARNING [http-nio-8080-exec-5] org.springframework.web.servlet.mvc.support.DefaultHandlerExceptionResolver.handleNoHandlerFoundException No endpoint GET /SpringMvcHelloWorld/images/product6.png.
23-Mar-2026 09:56:27.993 WARNING [http-nio-8080-exec-8] org.springframework.web.servlet.DispatcherServlet.noHandlerFound No mapping for GET /SpringMvcHelloWorld/images/video.mp4
23-Mar-2026 09:56:28.005 WARNING [http-nio-8080-exec-8] org.springframework.web.servlet.mvc.support.DefaultHandlerExceptionResolver.handleNoHandlerFoundException No endpoint GET /SpringMvcHelloWorld/images/video.mp4.
