20-Mar-2026 08:31:52.539 INFO [main] org.apache.catalina.startup.VersionLoggerListener.log Server version name:   Apache Tomcat/10.1.52
20-Mar-2026 08:31:52.546 INFO [main] org.apache.catalina.startup.VersionLoggerListener.log Server built:          Jan 23 2026 19:29:07 UTC
20-Mar-2026 08:31:52.549 INFO [main] org.apache.catalina.startup.VersionLoggerListener.log Server version number: 10.1.52.0
20-Mar-2026 08:31:52.550 INFO [main] org.apache.catalina.startup.VersionLoggerListener.log OS Name:               Windows 11
20-Mar-2026 08:31:52.550 INFO [main] org.apache.catalina.startup.VersionLoggerListener.log OS Version:            10.0
20-Mar-2026 08:31:52.551 INFO [main] org.apache.catalina.startup.VersionLoggerListener.log Architecture:          amd64
20-Mar-2026 08:31:52.552 INFO [main] org.apache.catalina.startup.VersionLoggerListener.log Java Home:             C:\Program Files\Java\jdk-25.0.2
20-Mar-2026 08:31:52.552 INFO [main] org.apache.catalina.startup.VersionLoggerListener.log JVM Version:           25.0.2+10-LTS-69
20-Mar-2026 08:31:52.553 INFO [main] org.apache.catalina.startup.VersionLoggerListener.log JVM Vendor:            Oracle Corporation
20-Mar-2026 08:31:52.554 INFO [main] org.apache.catalina.startup.VersionLoggerListener.log CATALINA_BASE:         C:\Users\ashwi\OneDrive\Documents\SpringMvcHelloWorld1\apache-tomcat-10.1.52
20-Mar-2026 08:31:52.555 INFO [main] org.apache.catalina.startup.VersionLoggerListener.log CATALINA_HOME:         C:\Users\ashwi\OneDrive\Documents\SpringMvcHelloWorld1\apache-tomcat-10.1.52
20-Mar-2026 08:31:52.594 INFO [main] org.apache.catalina.startup.VersionLoggerListener.log Command line argument: -Djava.util.logging.config.file=C:\Users\ashwi\OneDrive\Documents\SpringMvcHelloWorld1\apache-tomcat-10.1.52\conf\logging.properties
20-Mar-2026 08:31:52.595 INFO [main] org.apache.catalina.startup.VersionLoggerListener.log Command line argument: -Djava.util.logging.manager=org.apache.juli.ClassLoaderLogManager
20-Mar-2026 08:31:52.596 INFO [main] org.apache.catalina.startup.VersionLoggerListener.log Command line argument: -Djdk.tls.ephemeralDHKeySize=2048
20-Mar-2026 08:31:52.597 INFO [main] org.apache.catalina.startup.VersionLoggerListener.log Command line argument: -Djava.protocol.handler.pkgs=org.apache.catalina.webresources
20-Mar-2026 08:31:52.597 INFO [main] org.apache.catalina.startup.VersionLoggerListener.log Command line argument: -Dsun.io.useCanonCaches=false
20-Mar-2026 08:31:52.599 INFO [main] org.apache.catalina.startup.VersionLoggerListener.log Command line argument: --add-opens=java.base/java.lang=ALL-UNNAMED
20-Mar-2026 08:31:52.599 INFO [main] org.apache.catalina.startup.VersionLoggerListener.log Command line argument: --add-opens=java.base/java.lang.reflect=ALL-UNNAMED
20-Mar-2026 08:31:52.601 INFO [main] org.apache.catalina.startup.VersionLoggerListener.log Command line argument: --add-opens=java.base/java.io=ALL-UNNAMED
20-Mar-2026 08:31:52.601 INFO [main] org.apache.catalina.startup.VersionLoggerListener.log Command line argument: --add-opens=java.base/java.util=ALL-UNNAMED
20-Mar-2026 08:31:52.601 INFO [main] org.apache.catalina.startup.VersionLoggerListener.log Command line argument: --add-opens=java.base/java.util.concurrent=ALL-UNNAMED
20-Mar-2026 08:31:52.602 INFO [main] org.apache.catalina.startup.VersionLoggerListener.log Command line argument: --add-opens=java.rmi/sun.rmi.transport=ALL-UNNAMED
20-Mar-2026 08:31:52.602 INFO [main] org.apache.catalina.startup.VersionLoggerListener.log Command line argument: -Dcatalina.base=C:\Users\ashwi\OneDrive\Documents\SpringMvcHelloWorld1\apache-tomcat-10.1.52
20-Mar-2026 08:31:52.602 INFO [main] org.apache.catalina.startup.VersionLoggerListener.log Command line argument: -Dcatalina.home=C:\Users\ashwi\OneDrive\Documents\SpringMvcHelloWorld1\apache-tomcat-10.1.52
20-Mar-2026 08:31:52.603 INFO [main] org.apache.catalina.startup.VersionLoggerListener.log Command line argument: -Djava.io.tmpdir=C:\Users\ashwi\OneDrive\Documents\SpringMvcHelloWorld1\apache-tomcat-10.1.52\temp
20-Mar-2026 08:31:52.632 INFO [main] org.apache.catalina.core.AprLifecycleListener.lifecycleEvent The Apache Tomcat Native library which allows using OpenSSL was not found on the java.library.path: [C:\Program Files\Java\jdk-25.0.2\bin;C:\WINDOWS\Sun\Java\bin;C:\WINDOWS\system32;C:\WINDOWS;C:\Program Files\Common Files\Oracle\Java\javapath;C:\Program Files\Eclipse Adoptium\jdk-17.0.17.10-hotspot\bin;C:\Python314\Scripts\;C:\Python314\;C:\WINDOWS\system32;C:\WINDOWS;C:\WINDOWS\System32\Wbem;C:\WINDOWS\System32\WindowsPowerShell\v1.0\;C:\WINDOWS\System32\OpenSSH\;C:\Program Files (x86)\Microsoft SQL Server\160\Tools\Binn\;C:\Program Files\Microsoft SQL Server\160\Tools\Binn\;C:\Program Files\Microsoft SQL Server\Client SDK\ODBC\170\Tools\Binn\;C:\Program Files\Microsoft SQL Server\160\DTS\Binn\;D:\bin;D:\Git\cmd;D:\NodeJS\;C:\ProgramData\chocolatey\bin;C:\Program Files\apache-maven-3.9.14\bin;C:\Users\ashwi\AppData\Local\Microsoft\WindowsApps;C:\Users\ashwi\AppData\Local\Programs\Microsoft VS Code\bin;C:\Program Files\Azure Data Studio\bin;C:\MinGW\bin;C:\Users\ashwi\AppData\Roaming\npm;C:\Users\ashwi\AppData\Local\Android\Sdk\platform-tools;C:\Users\ashwi\AppData\Local\Programs\Antigravity\bin;.]
20-Mar-2026 08:31:53.667 INFO [main] org.apache.coyote.AbstractProtocol.init Initializing ProtocolHandler ["http-nio-8080"]
20-Mar-2026 08:31:53.764 INFO [main] org.apache.catalina.startup.Catalina.load Server initialization in [1741] milliseconds
20-Mar-2026 08:31:53.962 INFO [main] org.apache.catalina.core.StandardService.startInternal Starting service [Catalina]
20-Mar-2026 08:31:53.963 INFO [main] org.apache.catalina.core.StandardEngine.startInternal Starting Servlet engine: [Apache Tomcat/10.1.52]
20-Mar-2026 08:31:54.058 INFO [main] org.apache.catalina.startup.HostConfig.deployWAR Deploying web application archive [C:\Users\ashwi\OneDrive\Documents\SpringMvcHelloWorld1\apache-tomcat-10.1.52\webapps\SpringMvcHelloWorld.war]
20-Mar-2026 08:31:54.144 INFO [main] org.apache.catalina.startup.ExpandWar.expand An expanded directory [C:\Users\ashwi\OneDrive\Documents\SpringMvcHelloWorld1\apache-tomcat-10.1.52\webapps\SpringMvcHelloWorld] was found with a last modified time that did not match the associated WAR. It will be deleted.
20-Mar-2026 08:31:54.162 SEVERE [main] org.apache.catalina.startup.ExpandWar.deleteDir [C:\Users\ashwi\OneDrive\Documents\SpringMvcHelloWorld1\apache-tomcat-10.1.52\webapps\SpringMvcHelloWorld\META-INF\maven\com.example\SpringMvcHelloWorld] could not be completely deleted. The presence of the remaining files may cause problems
20-Mar-2026 08:31:54.167 SEVERE [main] org.apache.catalina.startup.ExpandWar.deleteDir [C:\Users\ashwi\OneDrive\Documents\SpringMvcHelloWorld1\apache-tomcat-10.1.52\webapps\SpringMvcHelloWorld\META-INF\maven\com.example] could not be completely deleted. The presence of the remaining files may cause problems
20-Mar-2026 08:31:54.169 SEVERE [main] org.apache.catalina.startup.ExpandWar.deleteDir [C:\Users\ashwi\OneDrive\Documents\SpringMvcHelloWorld1\apache-tomcat-10.1.52\webapps\SpringMvcHelloWorld\META-INF\maven] could not be completely deleted. The presence of the remaining files may cause problems
20-Mar-2026 08:31:54.174 SEVERE [main] org.apache.catalina.startup.ExpandWar.deleteDir [C:\Users\ashwi\OneDrive\Documents\SpringMvcHelloWorld1\apache-tomcat-10.1.52\webapps\SpringMvcHelloWorld\META-INF] could not be completely deleted. The presence of the remaining files may cause problems
20-Mar-2026 08:31:54.185 SEVERE [main] org.apache.catalina.startup.ExpandWar.deleteDir [C:\Users\ashwi\OneDrive\Documents\SpringMvcHelloWorld1\apache-tomcat-10.1.52\webapps\SpringMvcHelloWorld\WEB-INF\classes\com\example\controller] could not be completely deleted. The presence of the remaining files may cause problems
20-Mar-2026 08:31:54.187 SEVERE [main] org.apache.catalina.startup.ExpandWar.deleteDir [C:\Users\ashwi\OneDrive\Documents\SpringMvcHelloWorld1\apache-tomcat-10.1.52\webapps\SpringMvcHelloWorld\WEB-INF\classes\com\example] could not be completely deleted. The presence of the remaining files may cause problems
20-Mar-2026 08:31:54.189 SEVERE [main] org.apache.catalina.startup.ExpandWar.deleteDir [C:\Users\ashwi\OneDrive\Documents\SpringMvcHelloWorld1\apache-tomcat-10.1.52\webapps\SpringMvcHelloWorld\WEB-INF\classes\com] could not be completely deleted. The presence of the remaining files may cause problems
20-Mar-2026 08:31:54.193 SEVERE [main] org.apache.catalina.startup.ExpandWar.deleteDir [C:\Users\ashwi\OneDrive\Documents\SpringMvcHelloWorld1\apache-tomcat-10.1.52\webapps\SpringMvcHelloWorld\WEB-INF\classes] could not be completely deleted. The presence of the remaining files may cause problems
20-Mar-2026 08:31:54.255 SEVERE [main] org.apache.catalina.startup.ExpandWar.deleteDir [C:\Users\ashwi\OneDrive\Documents\SpringMvcHelloWorld1\apache-tomcat-10.1.52\webapps\SpringMvcHelloWorld\WEB-INF\lib] could not be completely deleted. The presence of the remaining files may cause problems
20-Mar-2026 08:31:54.270 SEVERE [main] org.apache.catalina.startup.ExpandWar.deleteDir [C:\Users\ashwi\OneDrive\Documents\SpringMvcHelloWorld1\apache-tomcat-10.1.52\webapps\SpringMvcHelloWorld\WEB-INF\views] could not be completely deleted. The presence of the remaining files may cause problems
20-Mar-2026 08:31:54.277 SEVERE [main] org.apache.catalina.startup.ExpandWar.deleteDir [C:\Users\ashwi\OneDrive\Documents\SpringMvcHelloWorld1\apache-tomcat-10.1.52\webapps\SpringMvcHelloWorld\WEB-INF] could not be completely deleted. The presence of the remaining files may cause problems
20-Mar-2026 08:31:54.281 SEVERE [main] org.apache.catalina.startup.ExpandWar.deleteDir [C:\Users\ashwi\OneDrive\Documents\SpringMvcHelloWorld1\apache-tomcat-10.1.52\webapps\SpringMvcHelloWorld] could not be completely deleted. The presence of the remaining files may cause problems
20-Mar-2026 08:31:54.283 SEVERE [main] org.apache.catalina.startup.ExpandWar.delete [C:\Users\ashwi\OneDrive\Documents\SpringMvcHelloWorld1\apache-tomcat-10.1.52\webapps\SpringMvcHelloWorld] could not be completely deleted. The presence of the remaining files may cause problems
20-Mar-2026 08:31:54.284 SEVERE [main] org.apache.catalina.startup.ContextConfig.beforeStart Exception fixing docBase for context [/SpringMvcHelloWorld]
	java.io.IOException: [C:\Users\ashwi\OneDrive\Documents\SpringMvcHelloWorld1\apache-tomcat-10.1.52\webapps\SpringMvcHelloWorld] could not be completely deleted. The presence of the remaining files may cause problems
		at org.apache.catalina.startup.ExpandWar.expand(ExpandWar.java:101)
		at org.apache.catalina.startup.ContextConfig.fixDocBase(ContextConfig.java:811)
		at org.apache.catalina.startup.ContextConfig.beforeStart(ContextConfig.java:947)
		at org.apache.catalina.startup.ContextConfig.lifecycleEvent(ContextConfig.java:290)
		at org.apache.catalina.util.LifecycleBase.fireLifecycleEvent(LifecycleBase.java:109)
		at org.apache.catalina.util.LifecycleBase.setStateInternal(LifecycleBase.java:389)
		at org.apache.catalina.util.LifecycleBase.start(LifecycleBase.java:163)
		at org.apache.catalina.core.ContainerBase.addChildInternal(ContainerBase.java:597)
		at org.apache.catalina.core.ContainerBase.addChild(ContainerBase.java:569)
		at org.apache.catalina.core.StandardHost.addChild(StandardHost.java:665)
		at org.apache.catalina.startup.HostConfig.deployWAR(HostConfig.java:962)
		at org.apache.catalina.startup.HostConfig$DeployWar.run(HostConfig.java:1900)
		at java.base/java.util.concurrent.Executors$RunnableAdapter.call(Executors.java:545)
		at java.base/java.util.concurrent.FutureTask.run(FutureTask.java:328)
		at org.apache.tomcat.util.threads.InlineExecutorService.execute(InlineExecutorService.java:81)
		at java.base/java.util.concurrent.AbstractExecutorService.submit(AbstractExecutorService.java:125)
		at org.apache.catalina.startup.HostConfig.deployWARs(HostConfig.java:766)
		at org.apache.catalina.startup.HostConfig.deployApps(HostConfig.java:417)
		at org.apache.catalina.startup.HostConfig.start(HostConfig.java:1618)
		at org.apache.catalina.startup.HostConfig.lifecycleEvent(HostConfig.java:300)
		at org.apache.catalina.util.LifecycleBase.fireLifecycleEvent(LifecycleBase.java:109)
		at org.apache.catalina.util.LifecycleBase.setStateInternal(LifecycleBase.java:389)
		at org.apache.catalina.util.LifecycleBase.setState(LifecycleBase.java:336)
		at org.apache.catalina.core.ContainerBase.startInternal(ContainerBase.java:774)
		at org.apache.catalina.core.StandardHost.startInternal(StandardHost.java:783)
		at org.apache.catalina.util.LifecycleBase.start(LifecycleBase.java:164)
		at org.apache.catalina.core.ContainerBase$StartChild.call(ContainerBase.java:1201)
		at org.apache.catalina.core.ContainerBase$StartChild.call(ContainerBase.java:1191)
		at java.base/java.util.concurrent.FutureTask.run(FutureTask.java:328)
		at org.apache.tomcat.util.threads.InlineExecutorService.execute(InlineExecutorService.java:81)
		at java.base/java.util.concurrent.AbstractExecutorService.submit(AbstractExecutorService.java:149)
		at org.apache.catalina.core.ContainerBase.startInternal(ContainerBase.java:747)
		at org.apache.catalina.core.StandardEngine.startInternal(StandardEngine.java:201)
		at org.apache.catalina.util.LifecycleBase.start(LifecycleBase.java:164)
		at org.apache.catalina.core.StandardService.startInternal(StandardService.java:410)
		at org.apache.catalina.util.LifecycleBase.start(LifecycleBase.java:164)
		at org.apache.catalina.core.StandardServer.startInternal(StandardServer.java:868)
		at org.apache.catalina.util.LifecycleBase.start(LifecycleBase.java:164)
		at org.apache.catalina.startup.Catalina.start(Catalina.java:758)
		at java.base/jdk.internal.reflect.DirectMethodHandleAccessor.invoke(DirectMethodHandleAccessor.java:104)
		at java.base/java.lang.reflect.Method.invoke(Method.java:565)
		at org.apache.catalina.startup.Bootstrap.start(Bootstrap.java:342)
		at org.apache.catalina.startup.Bootstrap.main(Bootstrap.java:473)
20-Mar-2026 08:32:50.938 INFO [main] org.apache.jasper.servlet.TldScanner.scanJars At least one JAR was scanned for TLDs yet contained no TLDs. Enable debug logging for this logger for a complete list of JARs that were scanned but no TLDs were found in them. Skipping unneeded JARs during scanning can improve startup time and JSP compilation time.
20-Mar-2026 08:32:56.308 INFO [main] org.springframework.web.servlet.FrameworkServlet.initServletBean Initializing Servlet 'dispatcher'
20-Mar-2026 08:33:29.047 INFO [main] org.springframework.web.servlet.FrameworkServlet.initServletBean Completed initialization in 32737 ms
20-Mar-2026 08:33:29.100 INFO [main] org.apache.catalina.startup.HostConfig.deployWAR Deployment of web application archive [C:\Users\ashwi\OneDrive\Documents\SpringMvcHelloWorld1\apache-tomcat-10.1.52\webapps\SpringMvcHelloWorld.war] has finished in [95,029] ms
20-Mar-2026 08:33:29.100 INFO [main] org.apache.catalina.startup.HostConfig.deployDirectory Deploying web application directory [C:\Users\ashwi\OneDrive\Documents\SpringMvcHelloWorld1\apache-tomcat-10.1.52\webapps\docs]
20-Mar-2026 08:33:29.284 INFO [main] org.apache.catalina.startup.HostConfig.deployDirectory Deployment of web application directory [C:\Users\ashwi\OneDrive\Documents\SpringMvcHelloWorld1\apache-tomcat-10.1.52\webapps\docs] has finished in [184] ms
20-Mar-2026 08:33:29.284 INFO [main] org.apache.catalina.startup.HostConfig.deployDirectory Deploying web application directory [C:\Users\ashwi\OneDrive\Documents\SpringMvcHelloWorld1\apache-tomcat-10.1.52\webapps\examples]
20-Mar-2026 08:33:31.653 INFO [main] org.apache.catalina.startup.HostConfig.deployDirectory Deployment of web application directory [C:\Users\ashwi\OneDrive\Documents\SpringMvcHelloWorld1\apache-tomcat-10.1.52\webapps\examples] has finished in [2,369] ms
20-Mar-2026 08:33:31.653 INFO [main] org.apache.catalina.startup.HostConfig.deployDirectory Deploying web application directory [C:\Users\ashwi\OneDrive\Documents\SpringMvcHelloWorld1\apache-tomcat-10.1.52\webapps\host-manager]
20-Mar-2026 08:33:31.805 INFO [main] org.apache.catalina.startup.HostConfig.deployDirectory Deployment of web application directory [C:\Users\ashwi\OneDrive\Documents\SpringMvcHelloWorld1\apache-tomcat-10.1.52\webapps\host-manager] has finished in [152] ms
20-Mar-2026 08:33:31.805 INFO [main] org.apache.catalina.startup.HostConfig.deployDirectory Deploying web application directory [C:\Users\ashwi\OneDrive\Documents\SpringMvcHelloWorld1\apache-tomcat-10.1.52\webapps\manager]
20-Mar-2026 08:33:31.977 INFO [main] org.apache.catalina.startup.HostConfig.deployDirectory Deployment of web application directory [C:\Users\ashwi\OneDrive\Documents\SpringMvcHelloWorld1\apache-tomcat-10.1.52\webapps\manager] has finished in [172] ms
20-Mar-2026 08:33:31.977 INFO [main] org.apache.catalina.startup.HostConfig.deployDirectory Deploying web application directory [C:\Users\ashwi\OneDrive\Documents\SpringMvcHelloWorld1\apache-tomcat-10.1.52\webapps\ROOT]
20-Mar-2026 08:33:32.103 INFO [main] org.apache.catalina.startup.HostConfig.deployDirectory Deployment of web application directory [C:\Users\ashwi\OneDrive\Documents\SpringMvcHelloWorld1\apache-tomcat-10.1.52\webapps\ROOT] has finished in [126] ms
20-Mar-2026 08:33:32.111 INFO [main] org.apache.coyote.AbstractProtocol.start Starting ProtocolHandler ["http-nio-8080"]
20-Mar-2026 08:33:32.188 INFO [main] org.apache.catalina.startup.Catalina.start Server startup in [98416] milliseconds
20-Mar-2026 08:41:33.560 INFO [Catalina-utility-1] org.apache.catalina.startup.HostConfig.undeploy Undeploying context [/SpringMvcHelloWorld]
20-Mar-2026 08:41:33.892 SEVERE [Catalina-utility-1] org.apache.catalina.startup.ExpandWar.deleteDir [C:\Users\ashwi\OneDrive\Documents\SpringMvcHelloWorld1\apache-tomcat-10.1.52\work\Catalina\localhost\SpringMvcHelloWorld\org\apache\jsp\WEB_002dINF\views] could not be completely deleted. The presence of the remaining files may cause problems
20-Mar-2026 08:41:33.894 SEVERE [Catalina-utility-1] org.apache.catalina.startup.ExpandWar.deleteDir [C:\Users\ashwi\OneDrive\Documents\SpringMvcHelloWorld1\apache-tomcat-10.1.52\work\Catalina\localhost\SpringMvcHelloWorld\org\apache\jsp\WEB_002dINF] could not be completely deleted. The presence of the remaining files may cause problems
20-Mar-2026 08:41:33.896 SEVERE [Catalina-utility-1] org.apache.catalina.startup.ExpandWar.deleteDir [C:\Users\ashwi\OneDrive\Documents\SpringMvcHelloWorld1\apache-tomcat-10.1.52\work\Catalina\localhost\SpringMvcHelloWorld\org\apache\jsp] could not be completely deleted. The presence of the remaining files may cause problems
20-Mar-2026 08:41:33.898 SEVERE [Catalina-utility-1] org.apache.catalina.startup.ExpandWar.deleteDir [C:\Users\ashwi\OneDrive\Documents\SpringMvcHelloWorld1\apache-tomcat-10.1.52\work\Catalina\localhost\SpringMvcHelloWorld\org\apache] could not be completely deleted. The presence of the remaining files may cause problems
20-Mar-2026 08:41:33.900 SEVERE [Catalina-utility-1] org.apache.catalina.startup.ExpandWar.deleteDir [C:\Users\ashwi\OneDrive\Documents\SpringMvcHelloWorld1\apache-tomcat-10.1.52\work\Catalina\localhost\SpringMvcHelloWorld\org] could not be completely deleted. The presence of the remaining files may cause problems
20-Mar-2026 08:41:33.900 SEVERE [Catalina-utility-1] org.apache.catalina.startup.ExpandWar.deleteDir [C:\Users\ashwi\OneDrive\Documents\SpringMvcHelloWorld1\apache-tomcat-10.1.52\work\Catalina\localhost\SpringMvcHelloWorld] could not be completely deleted. The presence of the remaining files may cause problems
20-Mar-2026 08:41:33.900 SEVERE [Catalina-utility-1] org.apache.catalina.startup.ExpandWar.delete [C:\Users\ashwi\OneDrive\Documents\SpringMvcHelloWorld1\apache-tomcat-10.1.52\work\Catalina\localhost\SpringMvcHelloWorld] could not be completely deleted. The presence of the remaining files may cause problems
20-Mar-2026 08:41:33.918 SEVERE [Catalina-utility-1] org.apache.catalina.startup.ExpandWar.deleteDir [C:\Users\ashwi\OneDrive\Documents\SpringMvcHelloWorld1\apache-tomcat-10.1.52\webapps\SpringMvcHelloWorld\META-INF\maven\com.example\SpringMvcHelloWorld] could not be completely deleted. The presence of the remaining files may cause problems
20-Mar-2026 08:41:33.920 SEVERE [Catalina-utility-1] org.apache.catalina.startup.ExpandWar.deleteDir [C:\Users\ashwi\OneDrive\Documents\SpringMvcHelloWorld1\apache-tomcat-10.1.52\webapps\SpringMvcHelloWorld\META-INF\maven\com.example] could not be completely deleted. The presence of the remaining files may cause problems
20-Mar-2026 08:41:33.922 SEVERE [Catalina-utility-1] org.apache.catalina.startup.ExpandWar.deleteDir [C:\Users\ashwi\OneDrive\Documents\SpringMvcHelloWorld1\apache-tomcat-10.1.52\webapps\SpringMvcHelloWorld\META-INF\maven] could not be completely deleted. The presence of the remaining files may cause problems
20-Mar-2026 08:41:33.923 SEVERE [Catalina-utility-1] org.apache.catalina.startup.ExpandWar.deleteDir [C:\Users\ashwi\OneDrive\Documents\SpringMvcHelloWorld1\apache-tomcat-10.1.52\webapps\SpringMvcHelloWorld\META-INF] could not be completely deleted. The presence of the remaining files may cause problems
20-Mar-2026 08:41:33.923 SEVERE [Catalina-utility-1] org.apache.catalina.startup.ExpandWar.deleteDir [C:\Users\ashwi\OneDrive\Documents\SpringMvcHelloWorld1\apache-tomcat-10.1.52\webapps\SpringMvcHelloWorld\WEB-INF\classes\com\example\controller] could not be completely deleted. The presence of the remaining files may cause problems
20-Mar-2026 08:41:33.923 SEVERE [Catalina-utility-1] org.apache.catalina.startup.ExpandWar.deleteDir [C:\Users\ashwi\OneDrive\Documents\SpringMvcHelloWorld1\apache-tomcat-10.1.52\webapps\SpringMvcHelloWorld\WEB-INF\classes\com\example] could not be completely deleted. The presence of the remaining files may cause problems
20-Mar-2026 08:41:33.923 SEVERE [Catalina-utility-1] org.apache.catalina.startup.ExpandWar.deleteDir [C:\Users\ashwi\OneDrive\Documents\SpringMvcHelloWorld1\apache-tomcat-10.1.52\webapps\SpringMvcHelloWorld\WEB-INF\classes\com] could not be completely deleted. The presence of the remaining files may cause problems
20-Mar-2026 08:41:33.923 SEVERE [Catalina-utility-1] org.apache.catalina.startup.ExpandWar.deleteDir [C:\Users\ashwi\OneDrive\Documents\SpringMvcHelloWorld1\apache-tomcat-10.1.52\webapps\SpringMvcHelloWorld\WEB-INF\classes] could not be completely deleted. The presence of the remaining files may cause problems
20-Mar-2026 08:41:33.936 SEVERE [Catalina-utility-1] org.apache.catalina.startup.ExpandWar.deleteDir [C:\Users\ashwi\OneDrive\Documents\SpringMvcHelloWorld1\apache-tomcat-10.1.52\webapps\SpringMvcHelloWorld\WEB-INF\lib] could not be completely deleted. The presence of the remaining files may cause problems
20-Mar-2026 08:41:33.938 SEVERE [Catalina-utility-1] org.apache.catalina.startup.ExpandWar.deleteDir [C:\Users\ashwi\OneDrive\Documents\SpringMvcHelloWorld1\apache-tomcat-10.1.52\webapps\SpringMvcHelloWorld\WEB-INF\views] could not be completely deleted. The presence of the remaining files may cause problems
20-Mar-2026 08:41:33.939 SEVERE [Catalina-utility-1] org.apache.catalina.startup.ExpandWar.deleteDir [C:\Users\ashwi\OneDrive\Documents\SpringMvcHelloWorld1\apache-tomcat-10.1.52\webapps\SpringMvcHelloWorld\WEB-INF] could not be completely deleted. The presence of the remaining files may cause problems
20-Mar-2026 08:41:33.939 SEVERE [Catalina-utility-1] org.apache.catalina.startup.ExpandWar.deleteDir [C:\Users\ashwi\OneDrive\Documents\SpringMvcHelloWorld1\apache-tomcat-10.1.52\webapps\SpringMvcHelloWorld] could not be completely deleted. The presence of the remaining files may cause problems
20-Mar-2026 08:41:33.939 SEVERE [Catalina-utility-1] org.apache.catalina.startup.ExpandWar.delete [C:\Users\ashwi\OneDrive\Documents\SpringMvcHelloWorld1\apache-tomcat-10.1.52\webapps\SpringMvcHelloWorld] could not be completely deleted. The presence of the remaining files may cause problems
20-Mar-2026 08:41:33.961 INFO [Catalina-utility-1] org.apache.catalina.startup.HostConfig.deployWAR Deploying web application archive [C:\Users\ashwi\OneDrive\Documents\SpringMvcHelloWorld1\apache-tomcat-10.1.52\webapps\SpringMvcHelloWorld.war]
20-Mar-2026 08:41:34.212 INFO [Catalina-utility-1] org.apache.catalina.startup.HostConfig.deployWAR Deployment of web application archive [C:\Users\ashwi\OneDrive\Documents\SpringMvcHelloWorld1\apache-tomcat-10.1.52\webapps\SpringMvcHelloWorld.war] has finished in [248] ms
20-Mar-2026 08:41:38.344 INFO [main] org.apache.catalina.core.StandardServer.await A valid shutdown command was received via the shutdown port. Stopping the Server instance.
20-Mar-2026 08:41:38.346 INFO [main] org.apache.coyote.AbstractProtocol.pause Pausing ProtocolHandler ["http-nio-8080"]
20-Mar-2026 08:41:38.405 INFO [main] org.apache.catalina.core.StandardService.stopInternal Stopping service [Catalina]
20-Mar-2026 08:41:38.486 INFO [main] org.apache.coyote.AbstractProtocol.stop Stopping ProtocolHandler ["http-nio-8080"]
20-Mar-2026 08:41:38.535 INFO [main] org.apache.coyote.AbstractProtocol.destroy Destroying ProtocolHandler ["http-nio-8080"]
20-Mar-2026 08:42:16.404 INFO [main] org.apache.catalina.startup.VersionLoggerListener.log Server version name:   Apache Tomcat/10.1.52
20-Mar-2026 08:42:16.416 INFO [main] org.apache.catalina.startup.VersionLoggerListener.log Server built:          Jan 23 2026 19:29:07 UTC
20-Mar-2026 08:42:16.418 INFO [main] org.apache.catalina.startup.VersionLoggerListener.log Server version number: 10.1.52.0
20-Mar-2026 08:42:16.419 INFO [main] org.apache.catalina.startup.VersionLoggerListener.log OS Name:               Windows 11
20-Mar-2026 08:42:16.420 INFO [main] org.apache.catalina.startup.VersionLoggerListener.log OS Version:            10.0
20-Mar-2026 08:42:16.421 INFO [main] org.apache.catalina.startup.VersionLoggerListener.log Architecture:          amd64
20-Mar-2026 08:42:16.423 INFO [main] org.apache.catalina.startup.VersionLoggerListener.log Java Home:             C:\Program Files\Java\jdk-25.0.2
20-Mar-2026 08:42:16.424 INFO [main] org.apache.catalina.startup.VersionLoggerListener.log JVM Version:           25.0.2+10-LTS-69
20-Mar-2026 08:42:16.426 INFO [main] org.apache.catalina.startup.VersionLoggerListener.log JVM Vendor:            Oracle Corporation
20-Mar-2026 08:42:16.429 INFO [main] org.apache.catalina.startup.VersionLoggerListener.log CATALINA_BASE:         C:\Users\ashwi\OneDrive\Documents\SpringMvcHelloWorld1\apache-tomcat-10.1.52
20-Mar-2026 08:42:16.430 INFO [main] org.apache.catalina.startup.VersionLoggerListener.log CATALINA_HOME:         C:\Users\ashwi\OneDrive\Documents\SpringMvcHelloWorld1\apache-tomcat-10.1.52
20-Mar-2026 08:42:16.482 INFO [main] org.apache.catalina.startup.VersionLoggerListener.log Command line argument: -Djava.util.logging.config.file=C:\Users\ashwi\OneDrive\Documents\SpringMvcHelloWorld1\apache-tomcat-10.1.52\conf\logging.properties
20-Mar-2026 08:42:16.483 INFO [main] org.apache.catalina.startup.VersionLoggerListener.log Command line argument: -Djava.util.logging.manager=org.apache.juli.ClassLoaderLogManager
20-Mar-2026 08:42:16.484 INFO [main] org.apache.catalina.startup.VersionLoggerListener.log Command line argument: -Djdk.tls.ephemeralDHKeySize=2048
20-Mar-2026 08:42:16.485 INFO [main] org.apache.catalina.startup.VersionLoggerListener.log Command line argument: -Djava.protocol.handler.pkgs=org.apache.catalina.webresources
20-Mar-2026 08:42:16.485 INFO [main] org.apache.catalina.startup.VersionLoggerListener.log Command line argument: -Dsun.io.useCanonCaches=false
20-Mar-2026 08:42:16.486 INFO [main] org.apache.catalina.startup.VersionLoggerListener.log Command line argument: --add-opens=java.base/java.lang=ALL-UNNAMED
20-Mar-2026 08:42:16.487 INFO [main] org.apache.catalina.startup.VersionLoggerListener.log Command line argument: --add-opens=java.base/java.lang.reflect=ALL-UNNAMED
20-Mar-2026 08:42:16.487 INFO [main] org.apache.catalina.startup.VersionLoggerListener.log Command line argument: --add-opens=java.base/java.io=ALL-UNNAMED
20-Mar-2026 08:42:16.488 INFO [main] org.apache.catalina.startup.VersionLoggerListener.log Command line argument: --add-opens=java.base/java.util=ALL-UNNAMED
20-Mar-2026 08:42:16.488 INFO [main] org.apache.catalina.startup.VersionLoggerListener.log Command line argument: --add-opens=java.base/java.util.concurrent=ALL-UNNAMED
20-Mar-2026 08:42:16.489 INFO [main] org.apache.catalina.startup.VersionLoggerListener.log Command line argument: --add-opens=java.rmi/sun.rmi.transport=ALL-UNNAMED
20-Mar-2026 08:42:16.489 INFO [main] org.apache.catalina.startup.VersionLoggerListener.log Command line argument: -Dcatalina.base=C:\Users\ashwi\OneDrive\Documents\SpringMvcHelloWorld1\apache-tomcat-10.1.52
20-Mar-2026 08:42:16.489 INFO [main] org.apache.catalina.startup.VersionLoggerListener.log Command line argument: -Dcatalina.home=C:\Users\ashwi\OneDrive\Documents\SpringMvcHelloWorld1\apache-tomcat-10.1.52
20-Mar-2026 08:42:16.490 INFO [main] org.apache.catalina.startup.VersionLoggerListener.log Command line argument: -Djava.io.tmpdir=C:\Users\ashwi\OneDrive\Documents\SpringMvcHelloWorld1\apache-tomcat-10.1.52\temp
20-Mar-2026 08:42:16.518 INFO [main] org.apache.catalina.core.AprLifecycleListener.lifecycleEvent The Apache Tomcat Native library which allows using OpenSSL was not found on the java.library.path: [C:\Program Files\Java\jdk-25.0.2\bin;C:\WINDOWS\Sun\Java\bin;C:\WINDOWS\system32;C:\WINDOWS;C:\Program Files\Common Files\Oracle\Java\javapath;C:\Program Files\Eclipse Adoptium\jdk-17.0.17.10-hotspot\bin;C:\Python314\Scripts\;C:\Python314\;C:\WINDOWS\system32;C:\WINDOWS;C:\WINDOWS\System32\Wbem;C:\WINDOWS\System32\WindowsPowerShell\v1.0\;C:\WINDOWS\System32\OpenSSH\;C:\Program Files (x86)\Microsoft SQL Server\160\Tools\Binn\;C:\Program Files\Microsoft SQL Server\160\Tools\Binn\;C:\Program Files\Microsoft SQL Server\Client SDK\ODBC\170\Tools\Binn\;C:\Program Files\Microsoft SQL Server\160\DTS\Binn\;D:\bin;D:\Git\cmd;D:\NodeJS\;C:\ProgramData\chocolatey\bin;C:\Program Files\apache-maven-3.9.14\bin;C:\Users\ashwi\AppData\Local\Microsoft\WindowsApps;C:\Users\ashwi\AppData\Local\Programs\Microsoft VS Code\bin;C:\Program Files\Azure Data Studio\bin;C:\MinGW\bin;C:\Users\ashwi\AppData\Roaming\npm;C:\Users\ashwi\AppData\Local\Android\Sdk\platform-tools;C:\Users\ashwi\AppData\Local\Programs\Antigravity\bin;.]
20-Mar-2026 08:42:17.411 INFO [main] org.apache.coyote.AbstractProtocol.init Initializing ProtocolHandler ["http-nio-8080"]
20-Mar-2026 08:42:17.488 INFO [main] org.apache.catalina.startup.Catalina.load Server initialization in [1701] milliseconds
20-Mar-2026 08:42:17.668 INFO [main] org.apache.catalina.core.StandardService.startInternal Starting service [Catalina]
20-Mar-2026 08:42:17.671 INFO [main] org.apache.catalina.core.StandardEngine.startInternal Starting Servlet engine: [Apache Tomcat/10.1.52]
20-Mar-2026 08:42:17.777 INFO [main] org.apache.catalina.startup.HostConfig.deployWAR Deploying web application archive [C:\Users\ashwi\OneDrive\Documents\SpringMvcHelloWorld1\apache-tomcat-10.1.52\webapps\SpringMvcHelloWorld.war]
20-Mar-2026 08:42:18.756 INFO [main] org.apache.catalina.startup.HostConfig.deployWAR Deployment of web application archive [C:\Users\ashwi\OneDrive\Documents\SpringMvcHelloWorld1\apache-tomcat-10.1.52\webapps\SpringMvcHelloWorld.war] has finished in [967] ms
20-Mar-2026 08:42:18.759 INFO [main] org.apache.catalina.startup.HostConfig.deployDirectory Deploying web application directory [C:\Users\ashwi\OneDrive\Documents\SpringMvcHelloWorld1\apache-tomcat-10.1.52\webapps\docs]
20-Mar-2026 08:42:18.894 INFO [main] org.apache.catalina.startup.HostConfig.deployDirectory Deployment of web application directory [C:\Users\ashwi\OneDrive\Documents\SpringMvcHelloWorld1\apache-tomcat-10.1.52\webapps\docs] has finished in [135] ms
20-Mar-2026 08:42:18.896 INFO [main] org.apache.catalina.startup.HostConfig.deployDirectory Deploying web application directory [C:\Users\ashwi\OneDrive\Documents\SpringMvcHelloWorld1\apache-tomcat-10.1.52\webapps\examples]
20-Mar-2026 08:42:21.258 INFO [main] org.apache.catalina.startup.HostConfig.deployDirectory Deployment of web application directory [C:\Users\ashwi\OneDrive\Documents\SpringMvcHelloWorld1\apache-tomcat-10.1.52\webapps\examples] has finished in [2,363] ms
20-Mar-2026 08:42:21.262 INFO [main] org.apache.catalina.startup.HostConfig.deployDirectory Deploying web application directory [C:\Users\ashwi\OneDrive\Documents\SpringMvcHelloWorld1\apache-tomcat-10.1.52\webapps\host-manager]
20-Mar-2026 08:42:21.467 INFO [main] org.apache.catalina.startup.HostConfig.deployDirectory Deployment of web application directory [C:\Users\ashwi\OneDrive\Documents\SpringMvcHelloWorld1\apache-tomcat-10.1.52\webapps\host-manager] has finished in [205] ms
20-Mar-2026 08:42:21.469 INFO [main] org.apache.catalina.startup.HostConfig.deployDirectory Deploying web application directory [C:\Users\ashwi\OneDrive\Documents\SpringMvcHelloWorld1\apache-tomcat-10.1.52\webapps\manager]
20-Mar-2026 08:42:21.630 INFO [main] org.apache.catalina.startup.HostConfig.deployDirectory Deployment of web application directory [C:\Users\ashwi\OneDrive\Documents\SpringMvcHelloWorld1\apache-tomcat-10.1.52\webapps\manager] has finished in [161] ms
20-Mar-2026 08:42:21.630 INFO [main] org.apache.catalina.startup.HostConfig.deployDirectory Deploying web application directory [C:\Users\ashwi\OneDrive\Documents\SpringMvcHelloWorld1\apache-tomcat-10.1.52\webapps\ROOT]
20-Mar-2026 08:42:21.775 INFO [main] org.apache.catalina.startup.HostConfig.deployDirectory Deployment of web application directory [C:\Users\ashwi\OneDrive\Documents\SpringMvcHelloWorld1\apache-tomcat-10.1.52\webapps\ROOT] has finished in [145] ms
20-Mar-2026 08:42:21.791 INFO [main] org.apache.coyote.AbstractProtocol.start Starting ProtocolHandler ["http-nio-8080"]
20-Mar-2026 08:42:21.887 INFO [main] org.apache.catalina.startup.Catalina.start Server startup in [4398] milliseconds
20-Mar-2026 08:44:42.115 INFO [Catalina-utility-2] org.apache.catalina.startup.HostConfig.undeploy Undeploying context [/SpringMvcHelloWorld]
20-Mar-2026 08:44:42.295 SEVERE [Catalina-utility-2] org.apache.catalina.startup.ExpandWar.deleteDir [C:\Users\ashwi\OneDrive\Documents\SpringMvcHelloWorld1\apache-tomcat-10.1.52\work\Catalina\localhost\SpringMvcHelloWorld\org\apache\jsp\WEB_002dINF\views] could not be completely deleted. The presence of the remaining files may cause problems
20-Mar-2026 08:44:42.299 SEVERE [Catalina-utility-2] org.apache.catalina.startup.ExpandWar.deleteDir [C:\Users\ashwi\OneDrive\Documents\SpringMvcHelloWorld1\apache-tomcat-10.1.52\work\Catalina\localhost\SpringMvcHelloWorld\org\apache\jsp\WEB_002dINF] could not be completely deleted. The presence of the remaining files may cause problems
20-Mar-2026 08:44:42.303 SEVERE [Catalina-utility-2] org.apache.catalina.startup.ExpandWar.deleteDir [C:\Users\ashwi\OneDrive\Documents\SpringMvcHelloWorld1\apache-tomcat-10.1.52\work\Catalina\localhost\SpringMvcHelloWorld\org\apache\jsp] could not be completely deleted. The presence of the remaining files may cause problems
20-Mar-2026 08:44:42.307 SEVERE [Catalina-utility-2] org.apache.catalina.startup.ExpandWar.deleteDir [C:\Users\ashwi\OneDrive\Documents\SpringMvcHelloWorld1\apache-tomcat-10.1.52\work\Catalina\localhost\SpringMvcHelloWorld\org\apache] could not be completely deleted. The presence of the remaining files may cause problems
20-Mar-2026 08:44:42.312 SEVERE [Catalina-utility-2] org.apache.catalina.startup.ExpandWar.deleteDir [C:\Users\ashwi\OneDrive\Documents\SpringMvcHelloWorld1\apache-tomcat-10.1.52\work\Catalina\localhost\SpringMvcHelloWorld\org] could not be completely deleted. The presence of the remaining files may cause problems
20-Mar-2026 08:44:42.318 SEVERE [Catalina-utility-2] org.apache.catalina.startup.ExpandWar.deleteDir [C:\Users\ashwi\OneDrive\Documents\SpringMvcHelloWorld1\apache-tomcat-10.1.52\work\Catalina\localhost\SpringMvcHelloWorld] could not be completely deleted. The presence of the remaining files may cause problems
20-Mar-2026 08:44:42.322 SEVERE [Catalina-utility-2] org.apache.catalina.startup.ExpandWar.delete [C:\Users\ashwi\OneDrive\Documents\SpringMvcHelloWorld1\apache-tomcat-10.1.52\work\Catalina\localhost\SpringMvcHelloWorld] could not be completely deleted. The presence of the remaining files may cause problems
20-Mar-2026 08:44:42.363 SEVERE [Catalina-utility-2] org.apache.catalina.startup.ExpandWar.deleteDir [C:\Users\ashwi\OneDrive\Documents\SpringMvcHelloWorld1\apache-tomcat-10.1.52\webapps\SpringMvcHelloWorld\META-INF\maven\com.example\SpringMvcHelloWorld] could not be completely deleted. The presence of the remaining files may cause problems
20-Mar-2026 08:44:42.373 SEVERE [Catalina-utility-2] org.apache.catalina.startup.ExpandWar.deleteDir [C:\Users\ashwi\OneDrive\Documents\SpringMvcHelloWorld1\apache-tomcat-10.1.52\webapps\SpringMvcHelloWorld\META-INF\maven\com.example] could not be completely deleted. The presence of the remaining files may cause problems
20-Mar-2026 08:44:42.373 SEVERE [Catalina-utility-2] org.apache.catalina.startup.ExpandWar.deleteDir [C:\Users\ashwi\OneDrive\Documents\SpringMvcHelloWorld1\apache-tomcat-10.1.52\webapps\SpringMvcHelloWorld\META-INF\maven] could not be completely deleted. The presence of the remaining files may cause problems
20-Mar-2026 08:44:42.376 SEVERE [Catalina-utility-2] org.apache.catalina.startup.ExpandWar.deleteDir [C:\Users\ashwi\OneDrive\Documents\SpringMvcHelloWorld1\apache-tomcat-10.1.52\webapps\SpringMvcHelloWorld\META-INF] could not be completely deleted. The presence of the remaining files may cause problems
20-Mar-2026 08:44:42.376 SEVERE [Catalina-utility-2] org.apache.catalina.startup.ExpandWar.deleteDir [C:\Users\ashwi\OneDrive\Documents\SpringMvcHelloWorld1\apache-tomcat-10.1.52\webapps\SpringMvcHelloWorld\WEB-INF\classes\com\example\controller] could not be completely deleted. The presence of the remaining files may cause problems
20-Mar-2026 08:44:42.383 SEVERE [Catalina-utility-2] org.apache.catalina.startup.ExpandWar.deleteDir [C:\Users\ashwi\OneDrive\Documents\SpringMvcHelloWorld1\apache-tomcat-10.1.52\webapps\SpringMvcHelloWorld\WEB-INF\classes\com\example] could not be completely deleted. The presence of the remaining files may cause problems
20-Mar-2026 08:44:42.385 SEVERE [Catalina-utility-2] org.apache.catalina.startup.ExpandWar.deleteDir [C:\Users\ashwi\OneDrive\Documents\SpringMvcHelloWorld1\apache-tomcat-10.1.52\webapps\SpringMvcHelloWorld\WEB-INF\classes\com] could not be completely deleted. The presence of the remaining files may cause problems
20-Mar-2026 08:44:42.386 SEVERE [Catalina-utility-2] org.apache.catalina.startup.ExpandWar.deleteDir [C:\Users\ashwi\OneDrive\Documents\SpringMvcHelloWorld1\apache-tomcat-10.1.52\webapps\SpringMvcHelloWorld\WEB-INF\classes] could not be completely deleted. The presence of the remaining files may cause problems
20-Mar-2026 08:44:42.390 SEVERE [Catalina-utility-2] org.apache.catalina.startup.ExpandWar.deleteDir [C:\Users\ashwi\OneDrive\Documents\SpringMvcHelloWorld1\apache-tomcat-10.1.52\webapps\SpringMvcHelloWorld\WEB-INF\lib] could not be completely deleted. The presence of the remaining files may cause problems
20-Mar-2026 08:44:42.393 SEVERE [Catalina-utility-2] org.apache.catalina.startup.ExpandWar.deleteDir [C:\Users\ashwi\OneDrive\Documents\SpringMvcHelloWorld1\apache-tomcat-10.1.52\webapps\SpringMvcHelloWorld\WEB-INF\views] could not be completely deleted. The presence of the remaining files may cause problems
20-Mar-2026 08:44:42.395 SEVERE [Catalina-utility-2] org.apache.catalina.startup.ExpandWar.deleteDir [C:\Users\ashwi\OneDrive\Documents\SpringMvcHelloWorld1\apache-tomcat-10.1.52\webapps\SpringMvcHelloWorld\WEB-INF] could not be completely deleted. The presence of the remaining files may cause problems
20-Mar-2026 08:44:42.398 SEVERE [Catalina-utility-2] org.apache.catalina.startup.ExpandWar.deleteDir [C:\Users\ashwi\OneDrive\Documents\SpringMvcHelloWorld1\apache-tomcat-10.1.52\webapps\SpringMvcHelloWorld] could not be completely deleted. The presence of the remaining files may cause problems
20-Mar-2026 08:44:42.398 SEVERE [Catalina-utility-2] org.apache.catalina.startup.ExpandWar.delete [C:\Users\ashwi\OneDrive\Documents\SpringMvcHelloWorld1\apache-tomcat-10.1.52\webapps\SpringMvcHelloWorld] could not be completely deleted. The presence of the remaining files may cause problems
20-Mar-2026 08:44:42.430 INFO [Catalina-utility-2] org.apache.catalina.startup.HostConfig.deployWAR Deploying web application archive [C:\Users\ashwi\OneDrive\Documents\SpringMvcHelloWorld1\apache-tomcat-10.1.52\webapps\SpringMvcHelloWorld.war]
20-Mar-2026 08:44:42.709 INFO [Catalina-utility-2] org.apache.catalina.startup.HostConfig.deployWAR Deployment of web application archive [C:\Users\ashwi\OneDrive\Documents\SpringMvcHelloWorld1\apache-tomcat-10.1.52\webapps\SpringMvcHelloWorld.war] has finished in [276] ms
20-Mar-2026 08:45:02.422 INFO [main] org.apache.catalina.core.StandardServer.await A valid shutdown command was received via the shutdown port. Stopping the Server instance.
20-Mar-2026 08:45:02.424 INFO [main] org.apache.coyote.AbstractProtocol.pause Pausing ProtocolHandler ["http-nio-8080"]
20-Mar-2026 08:45:02.461 INFO [main] org.apache.catalina.core.StandardService.stopInternal Stopping service [Catalina]
20-Mar-2026 08:45:02.520 INFO [main] org.apache.coyote.AbstractProtocol.stop Stopping ProtocolHandler ["http-nio-8080"]
20-Mar-2026 08:45:02.531 INFO [main] org.apache.coyote.AbstractProtocol.destroy Destroying ProtocolHandler ["http-nio-8080"]
20-Mar-2026 08:45:35.834 INFO [main] org.apache.catalina.startup.VersionLoggerListener.log Server version name:   Apache Tomcat/10.1.52
20-Mar-2026 08:45:35.850 INFO [main] org.apache.catalina.startup.VersionLoggerListener.log Server built:          Jan 23 2026 19:29:07 UTC
20-Mar-2026 08:45:35.851 INFO [main] org.apache.catalina.startup.VersionLoggerListener.log Server version number: 10.1.52.0
20-Mar-2026 08:45:35.852 INFO [main] org.apache.catalina.startup.VersionLoggerListener.log OS Name:               Windows 11
20-Mar-2026 08:45:35.853 INFO [main] org.apache.catalina.startup.VersionLoggerListener.log OS Version:            10.0
20-Mar-2026 08:45:35.854 INFO [main] org.apache.catalina.startup.VersionLoggerListener.log Architecture:          amd64
20-Mar-2026 08:45:35.855 INFO [main] org.apache.catalina.startup.VersionLoggerListener.log Java Home:             C:\Program Files\Java\jdk-25.0.2
20-Mar-2026 08:45:35.856 INFO [main] org.apache.catalina.startup.VersionLoggerListener.log JVM Version:           25.0.2+10-LTS-69
20-Mar-2026 08:45:35.856 INFO [main] org.apache.catalina.startup.VersionLoggerListener.log JVM Vendor:            Oracle Corporation
20-Mar-2026 08:45:35.859 INFO [main] org.apache.catalina.startup.VersionLoggerListener.log CATALINA_BASE:         C:\Users\ashwi\OneDrive\Documents\SpringMvcHelloWorld1\apache-tomcat-10.1.52
20-Mar-2026 08:45:35.862 INFO [main] org.apache.catalina.startup.VersionLoggerListener.log CATALINA_HOME:         C:\Users\ashwi\OneDrive\Documents\SpringMvcHelloWorld1\apache-tomcat-10.1.52
20-Mar-2026 08:45:35.910 INFO [main] org.apache.catalina.startup.VersionLoggerListener.log Command line argument: -Djava.util.logging.config.file=C:\Users\ashwi\OneDrive\Documents\SpringMvcHelloWorld1\apache-tomcat-10.1.52\conf\logging.properties
20-Mar-2026 08:45:35.911 INFO [main] org.apache.catalina.startup.VersionLoggerListener.log Command line argument: -Djava.util.logging.manager=org.apache.juli.ClassLoaderLogManager
20-Mar-2026 08:45:35.913 INFO [main] org.apache.catalina.startup.VersionLoggerListener.log Command line argument: -Djdk.tls.ephemeralDHKeySize=2048
20-Mar-2026 08:45:35.914 INFO [main] org.apache.catalina.startup.VersionLoggerListener.log Command line argument: -Djava.protocol.handler.pkgs=org.apache.catalina.webresources
20-Mar-2026 08:45:35.914 INFO [main] org.apache.catalina.startup.VersionLoggerListener.log Command line argument: -Dsun.io.useCanonCaches=false
20-Mar-2026 08:45:35.914 INFO [main] org.apache.catalina.startup.VersionLoggerListener.log Command line argument: --add-opens=java.base/java.lang=ALL-UNNAMED
20-Mar-2026 08:45:35.915 INFO [main] org.apache.catalina.startup.VersionLoggerListener.log Command line argument: --add-opens=java.base/java.lang.reflect=ALL-UNNAMED
20-Mar-2026 08:45:35.915 INFO [main] org.apache.catalina.startup.VersionLoggerListener.log Command line argument: --add-opens=java.base/java.io=ALL-UNNAMED
20-Mar-2026 08:45:35.915 INFO [main] org.apache.catalina.startup.VersionLoggerListener.log Command line argument: --add-opens=java.base/java.util=ALL-UNNAMED
20-Mar-2026 08:45:35.916 INFO [main] org.apache.catalina.startup.VersionLoggerListener.log Command line argument: --add-opens=java.base/java.util.concurrent=ALL-UNNAMED
20-Mar-2026 08:45:35.916 INFO [main] org.apache.catalina.startup.VersionLoggerListener.log Command line argument: --add-opens=java.rmi/sun.rmi.transport=ALL-UNNAMED
20-Mar-2026 08:45:35.916 INFO [main] org.apache.catalina.startup.VersionLoggerListener.log Command line argument: -Dcatalina.base=C:\Users\ashwi\OneDrive\Documents\SpringMvcHelloWorld1\apache-tomcat-10.1.52
20-Mar-2026 08:45:35.917 INFO [main] org.apache.catalina.startup.VersionLoggerListener.log Command line argument: -Dcatalina.home=C:\Users\ashwi\OneDrive\Documents\SpringMvcHelloWorld1\apache-tomcat-10.1.52
20-Mar-2026 08:45:35.917 INFO [main] org.apache.catalina.startup.VersionLoggerListener.log Command line argument: -Djava.io.tmpdir=C:\Users\ashwi\OneDrive\Documents\SpringMvcHelloWorld1\apache-tomcat-10.1.52\temp
20-Mar-2026 08:45:35.943 INFO [main] org.apache.catalina.core.AprLifecycleListener.lifecycleEvent The Apache Tomcat Native library which allows using OpenSSL was not found on the java.library.path: [C:\Program Files\Java\jdk-25.0.2\bin;C:\WINDOWS\Sun\Java\bin;C:\WINDOWS\system32;C:\WINDOWS;C:\Program Files\Common Files\Oracle\Java\javapath;C:\Program Files\Eclipse Adoptium\jdk-17.0.17.10-hotspot\bin;C:\Python314\Scripts\;C:\Python314\;C:\WINDOWS\system32;C:\WINDOWS;C:\WINDOWS\System32\Wbem;C:\WINDOWS\System32\WindowsPowerShell\v1.0\;C:\WINDOWS\System32\OpenSSH\;C:\Program Files (x86)\Microsoft SQL Server\160\Tools\Binn\;C:\Program Files\Microsoft SQL Server\160\Tools\Binn\;C:\Program Files\Microsoft SQL Server\Client SDK\ODBC\170\Tools\Binn\;C:\Program Files\Microsoft SQL Server\160\DTS\Binn\;D:\bin;D:\Git\cmd;D:\NodeJS\;C:\ProgramData\chocolatey\bin;C:\Program Files\apache-maven-3.9.14\bin;C:\Users\ashwi\AppData\Local\Microsoft\WindowsApps;C:\Users\ashwi\AppData\Local\Programs\Microsoft VS Code\bin;C:\Program Files\Azure Data Studio\bin;C:\MinGW\bin;C:\Users\ashwi\AppData\Roaming\npm;C:\Users\ashwi\AppData\Local\Android\Sdk\platform-tools;C:\Users\ashwi\AppData\Local\Programs\Antigravity\bin;.]
20-Mar-2026 08:45:37.119 INFO [main] org.apache.coyote.AbstractProtocol.init Initializing ProtocolHandler ["http-nio-8080"]
20-Mar-2026 08:45:37.207 INFO [main] org.apache.catalina.startup.Catalina.load Server initialization in [2039] milliseconds
20-Mar-2026 08:45:37.386 INFO [main] org.apache.catalina.core.StandardService.startInternal Starting service [Catalina]
20-Mar-2026 08:45:37.387 INFO [main] org.apache.catalina.core.StandardEngine.startInternal Starting Servlet engine: [Apache Tomcat/10.1.52]
20-Mar-2026 08:45:37.495 INFO [main] org.apache.catalina.startup.HostConfig.deployWAR Deploying web application archive [C:\Users\ashwi\OneDrive\Documents\SpringMvcHelloWorld1\apache-tomcat-10.1.52\webapps\SpringMvcHelloWorld.war]
20-Mar-2026 08:45:38.587 INFO [main] org.apache.catalina.startup.HostConfig.deployWAR Deployment of web application archive [C:\Users\ashwi\OneDrive\Documents\SpringMvcHelloWorld1\apache-tomcat-10.1.52\webapps\SpringMvcHelloWorld.war] has finished in [1,082] ms
20-Mar-2026 08:45:38.590 INFO [main] org.apache.catalina.startup.HostConfig.deployDirectory Deploying web application directory [C:\Users\ashwi\OneDrive\Documents\SpringMvcHelloWorld1\apache-tomcat-10.1.52\webapps\docs]
20-Mar-2026 08:45:38.742 INFO [main] org.apache.catalina.startup.HostConfig.deployDirectory Deployment of web application directory [C:\Users\ashwi\OneDrive\Documents\SpringMvcHelloWorld1\apache-tomcat-10.1.52\webapps\docs] has finished in [151] ms
20-Mar-2026 08:45:38.742 INFO [main] org.apache.catalina.startup.HostConfig.deployDirectory Deploying web application directory [C:\Users\ashwi\OneDrive\Documents\SpringMvcHelloWorld1\apache-tomcat-10.1.52\webapps\examples]
20-Mar-2026 08:45:40.571 INFO [main] org.apache.catalina.startup.HostConfig.deployDirectory Deployment of web application directory [C:\Users\ashwi\OneDrive\Documents\SpringMvcHelloWorld1\apache-tomcat-10.1.52\webapps\examples] has finished in [1,829] ms
20-Mar-2026 08:45:40.572 INFO [main] org.apache.catalina.startup.HostConfig.deployDirectory Deploying web application directory [C:\Users\ashwi\OneDrive\Documents\SpringMvcHelloWorld1\apache-tomcat-10.1.52\webapps\host-manager]
20-Mar-2026 08:45:40.739 INFO [main] org.apache.catalina.startup.HostConfig.deployDirectory Deployment of web application directory [C:\Users\ashwi\OneDrive\Documents\SpringMvcHelloWorld1\apache-tomcat-10.1.52\webapps\host-manager] has finished in [166] ms
20-Mar-2026 08:45:40.740 INFO [main] org.apache.catalina.startup.HostConfig.deployDirectory Deploying web application directory [C:\Users\ashwi\OneDrive\Documents\SpringMvcHelloWorld1\apache-tomcat-10.1.52\webapps\manager]
20-Mar-2026 08:45:40.902 INFO [main] org.apache.catalina.startup.HostConfig.deployDirectory Deployment of web application directory [C:\Users\ashwi\OneDrive\Documents\SpringMvcHelloWorld1\apache-tomcat-10.1.52\webapps\manager] has finished in [162] ms
20-Mar-2026 08:45:40.904 INFO [main] org.apache.catalina.startup.HostConfig.deployDirectory Deploying web application directory [C:\Users\ashwi\OneDrive\Documents\SpringMvcHelloWorld1\apache-tomcat-10.1.52\webapps\ROOT]
20-Mar-2026 08:45:41.047 INFO [main] org.apache.catalina.startup.HostConfig.deployDirectory Deployment of web application directory [C:\Users\ashwi\OneDrive\Documents\SpringMvcHelloWorld1\apache-tomcat-10.1.52\webapps\ROOT] has finished in [142] ms
20-Mar-2026 08:45:41.069 INFO [main] org.apache.coyote.AbstractProtocol.start Starting ProtocolHandler ["http-nio-8080"]
20-Mar-2026 08:45:41.181 INFO [main] org.apache.catalina.startup.Catalina.start Server startup in [3964] milliseconds
20-Mar-2026 08:49:01.730 INFO [Catalina-utility-1] org.apache.catalina.startup.HostConfig.undeploy Undeploying context [/SpringMvcHelloWorld]
20-Mar-2026 08:49:01.753 SEVERE [Catalina-utility-1] org.apache.catalina.startup.ExpandWar.deleteDir [C:\Users\ashwi\OneDrive\Documents\SpringMvcHelloWorld1\apache-tomcat-10.1.52\work\Catalina\localhost\SpringMvcHelloWorld\org\apache\jsp\WEB_002dINF\views] could not be completely deleted. The presence of the remaining files may cause problems
20-Mar-2026 08:49:01.753 SEVERE [Catalina-utility-1] org.apache.catalina.startup.ExpandWar.deleteDir [C:\Users\ashwi\OneDrive\Documents\SpringMvcHelloWorld1\apache-tomcat-10.1.52\work\Catalina\localhost\SpringMvcHelloWorld\org\apache\jsp\WEB_002dINF] could not be completely deleted. The presence of the remaining files may cause problems
20-Mar-2026 08:49:01.753 SEVERE [Catalina-utility-1] org.apache.catalina.startup.ExpandWar.deleteDir [C:\Users\ashwi\OneDrive\Documents\SpringMvcHelloWorld1\apache-tomcat-10.1.52\work\Catalina\localhost\SpringMvcHelloWorld\org\apache\jsp] could not be completely deleted. The presence of the remaining files may cause problems
20-Mar-2026 08:49:01.753 SEVERE [Catalina-utility-1] org.apache.catalina.startup.ExpandWar.deleteDir [C:\Users\ashwi\OneDrive\Documents\SpringMvcHelloWorld1\apache-tomcat-10.1.52\work\Catalina\localhost\SpringMvcHelloWorld\org\apache] could not be completely deleted. The presence of the remaining files may cause problems
20-Mar-2026 08:49:01.762 SEVERE [Catalina-utility-1] org.apache.catalina.startup.ExpandWar.deleteDir [C:\Users\ashwi\OneDrive\Documents\SpringMvcHelloWorld1\apache-tomcat-10.1.52\work\Catalina\localhost\SpringMvcHelloWorld\org] could not be completely deleted. The presence of the remaining files may cause problems
20-Mar-2026 08:49:01.762 SEVERE [Catalina-utility-1] org.apache.catalina.startup.ExpandWar.deleteDir [C:\Users\ashwi\OneDrive\Documents\SpringMvcHelloWorld1\apache-tomcat-10.1.52\work\Catalina\localhost\SpringMvcHelloWorld] could not be completely deleted. The presence of the remaining files may cause problems
20-Mar-2026 08:49:01.764 SEVERE [Catalina-utility-1] org.apache.catalina.startup.ExpandWar.delete [C:\Users\ashwi\OneDrive\Documents\SpringMvcHelloWorld1\apache-tomcat-10.1.52\work\Catalina\localhost\SpringMvcHelloWorld] could not be completely deleted. The presence of the remaining files may cause problems
20-Mar-2026 08:49:01.764 SEVERE [Catalina-utility-1] org.apache.catalina.startup.ExpandWar.deleteDir [C:\Users\ashwi\OneDrive\Documents\SpringMvcHelloWorld1\apache-tomcat-10.1.52\webapps\SpringMvcHelloWorld\META-INF\maven\com.example\SpringMvcHelloWorld] could not be completely deleted. The presence of the remaining files may cause problems
20-Mar-2026 08:49:01.764 SEVERE [Catalina-utility-1] org.apache.catalina.startup.ExpandWar.deleteDir [C:\Users\ashwi\OneDrive\Documents\SpringMvcHelloWorld1\apache-tomcat-10.1.52\webapps\SpringMvcHelloWorld\META-INF\maven\com.example] could not be completely deleted. The presence of the remaining files may cause problems
20-Mar-2026 08:49:01.764 SEVERE [Catalina-utility-1] org.apache.catalina.startup.ExpandWar.deleteDir [C:\Users\ashwi\OneDrive\Documents\SpringMvcHelloWorld1\apache-tomcat-10.1.52\webapps\SpringMvcHelloWorld\META-INF\maven] could not be completely deleted. The presence of the remaining files may cause problems
20-Mar-2026 08:49:01.778 SEVERE [Catalina-utility-1] org.apache.catalina.startup.ExpandWar.deleteDir [C:\Users\ashwi\OneDrive\Documents\SpringMvcHelloWorld1\apache-tomcat-10.1.52\webapps\SpringMvcHelloWorld\META-INF] could not be completely deleted. The presence of the remaining files may cause problems
20-Mar-2026 08:49:01.778 SEVERE [Catalina-utility-1] org.apache.catalina.startup.ExpandWar.deleteDir [C:\Users\ashwi\OneDrive\Documents\SpringMvcHelloWorld1\apache-tomcat-10.1.52\webapps\SpringMvcHelloWorld\WEB-INF\classes\com\example\controller] could not be completely deleted. The presence of the remaining files may cause problems
20-Mar-2026 08:49:01.778 SEVERE [Catalina-utility-1] org.apache.catalina.startup.ExpandWar.deleteDir [C:\Users\ashwi\OneDrive\Documents\SpringMvcHelloWorld1\apache-tomcat-10.1.52\webapps\SpringMvcHelloWorld\WEB-INF\classes\com\example] could not be completely deleted. The presence of the remaining files may cause problems
20-Mar-2026 08:49:01.778 SEVERE [Catalina-utility-1] org.apache.catalina.startup.ExpandWar.deleteDir [C:\Users\ashwi\OneDrive\Documents\SpringMvcHelloWorld1\apache-tomcat-10.1.52\webapps\SpringMvcHelloWorld\WEB-INF\classes\com] could not be completely deleted. The presence of the remaining files may cause problems
20-Mar-2026 08:49:01.778 SEVERE [Catalina-utility-1] org.apache.catalina.startup.ExpandWar.deleteDir [C:\Users\ashwi\OneDrive\Documents\SpringMvcHelloWorld1\apache-tomcat-10.1.52\webapps\SpringMvcHelloWorld\WEB-INF\classes] could not be completely deleted. The presence of the remaining files may cause problems
20-Mar-2026 08:49:01.778 SEVERE [Catalina-utility-1] org.apache.catalina.startup.ExpandWar.deleteDir [C:\Users\ashwi\OneDrive\Documents\SpringMvcHelloWorld1\apache-tomcat-10.1.52\webapps\SpringMvcHelloWorld\WEB-INF\lib] could not be completely deleted. The presence of the remaining files may cause problems
20-Mar-2026 08:49:01.778 SEVERE [Catalina-utility-1] org.apache.catalina.startup.ExpandWar.deleteDir [C:\Users\ashwi\OneDrive\Documents\SpringMvcHelloWorld1\apache-tomcat-10.1.52\webapps\SpringMvcHelloWorld\WEB-INF\views] could not be completely deleted. The presence of the remaining files may cause problems
20-Mar-2026 08:49:01.778 SEVERE [Catalina-utility-1] org.apache.catalina.startup.ExpandWar.deleteDir [C:\Users\ashwi\OneDrive\Documents\SpringMvcHelloWorld1\apache-tomcat-10.1.52\webapps\SpringMvcHelloWorld\WEB-INF] could not be completely deleted. The presence of the remaining files may cause problems
20-Mar-2026 08:49:01.778 SEVERE [Catalina-utility-1] org.apache.catalina.startup.ExpandWar.deleteDir [C:\Users\ashwi\OneDrive\Documents\SpringMvcHelloWorld1\apache-tomcat-10.1.52\webapps\SpringMvcHelloWorld] could not be completely deleted. The presence of the remaining files may cause problems
20-Mar-2026 08:49:01.793 SEVERE [Catalina-utility-1] org.apache.catalina.startup.ExpandWar.delete [C:\Users\ashwi\OneDrive\Documents\SpringMvcHelloWorld1\apache-tomcat-10.1.52\webapps\SpringMvcHelloWorld] could not be completely deleted. The presence of the remaining files may cause problems
20-Mar-2026 08:49:01.807 INFO [Catalina-utility-1] org.apache.catalina.startup.HostConfig.deployWAR Deploying web application archive [C:\Users\ashwi\OneDrive\Documents\SpringMvcHelloWorld1\apache-tomcat-10.1.52\webapps\SpringMvcHelloWorld.war]
20-Mar-2026 08:49:01.915 INFO [Catalina-utility-1] org.apache.catalina.startup.HostConfig.deployWAR Deployment of web application archive [C:\Users\ashwi\OneDrive\Documents\SpringMvcHelloWorld1\apache-tomcat-10.1.52\webapps\SpringMvcHelloWorld.war] has finished in [108] ms
20-Mar-2026 08:50:12.040 SEVERE [main] org.apache.catalina.startup.Catalina.stopServer Could not contact [localhost:8005] (base port [8005] and offset [0]). Tomcat may not be running.
20-Mar-2026 08:50:12.045 SEVERE [main] org.apache.catalina.startup.Catalina.stopServer Error stopping Catalina
	java.net.ConnectException: Connection refused: connect
		at java.base/sun.nio.ch.Net.connect0(Native Method)
		at java.base/sun.nio.ch.Net.connect(Net.java:546)
		at java.base/sun.nio.ch.Net.connect(Net.java:535)
		at java.base/sun.nio.ch.NioSocketImpl.connect(NioSocketImpl.java:585)
		at java.base/java.net.SocksSocketImpl.connect(SocksSocketImpl.java:284)
		at java.base/java.net.Socket.connect(Socket.java:659)
		at java.base/java.net.Socket.connect(Socket.java:597)
		at java.base/java.net.Socket.<init>(Socket.java:464)
		at java.base/java.net.Socket.<init>(Socket.java:276)
		at org.apache.catalina.startup.Catalina.stopServer(Catalina.java:654)
		at java.base/jdk.internal.reflect.DirectMethodHandleAccessor.invoke(DirectMethodHandleAccessor.java:104)
		at java.base/java.lang.reflect.Method.invoke(Method.java:565)
		at org.apache.catalina.startup.Bootstrap.stopServer(Bootstrap.java:390)
		at org.apache.catalina.startup.Bootstrap.main(Bootstrap.java:479)
20-Mar-2026 08:50:43.994 INFO [main] org.apache.catalina.startup.VersionLoggerListener.log Server version name:   Apache Tomcat/10.1.52
20-Mar-2026 08:50:44.000 INFO [main] org.apache.catalina.startup.VersionLoggerListener.log Server built:          Jan 23 2026 19:29:07 UTC
20-Mar-2026 08:50:44.001 INFO [main] org.apache.catalina.startup.VersionLoggerListener.log Server version number: 10.1.52.0
20-Mar-2026 08:50:44.002 INFO [main] org.apache.catalina.startup.VersionLoggerListener.log OS Name:               Windows 11
20-Mar-2026 08:50:44.002 INFO [main] org.apache.catalina.startup.VersionLoggerListener.log OS Version:            10.0
20-Mar-2026 08:50:44.002 INFO [main] org.apache.catalina.startup.VersionLoggerListener.log Architecture:          amd64
20-Mar-2026 08:50:44.003 INFO [main] org.apache.catalina.startup.VersionLoggerListener.log Java Home:             C:\Program Files\Java\jdk-25.0.2
20-Mar-2026 08:50:44.003 INFO [main] org.apache.catalina.startup.VersionLoggerListener.log JVM Version:           25.0.2+10-LTS-69
20-Mar-2026 08:50:44.004 INFO [main] org.apache.catalina.startup.VersionLoggerListener.log JVM Vendor:            Oracle Corporation
20-Mar-2026 08:50:44.005 INFO [main] org.apache.catalina.startup.VersionLoggerListener.log CATALINA_BASE:         C:\Users\ashwi\OneDrive\Documents\SpringMvcHelloWorld1\apache-tomcat-10.1.52
20-Mar-2026 08:50:44.005 INFO [main] org.apache.catalina.startup.VersionLoggerListener.log CATALINA_HOME:         C:\Users\ashwi\OneDrive\Documents\SpringMvcHelloWorld1\apache-tomcat-10.1.52
20-Mar-2026 08:50:44.023 INFO [main] org.apache.catalina.startup.VersionLoggerListener.log Command line argument: -Djava.util.logging.config.file=C:\Users\ashwi\OneDrive\Documents\SpringMvcHelloWorld1\apache-tomcat-10.1.52\conf\logging.properties
20-Mar-2026 08:50:44.023 INFO [main] org.apache.catalina.startup.VersionLoggerListener.log Command line argument: -Djava.util.logging.manager=org.apache.juli.ClassLoaderLogManager
20-Mar-2026 08:50:44.024 INFO [main] org.apache.catalina.startup.VersionLoggerListener.log Command line argument: -Djdk.tls.ephemeralDHKeySize=2048
20-Mar-2026 08:50:44.024 INFO [main] org.apache.catalina.startup.VersionLoggerListener.log Command line argument: -Djava.protocol.handler.pkgs=org.apache.catalina.webresources
20-Mar-2026 08:50:44.025 INFO [main] org.apache.catalina.startup.VersionLoggerListener.log Command line argument: -Dsun.io.useCanonCaches=false
20-Mar-2026 08:50:44.025 INFO [main] org.apache.catalina.startup.VersionLoggerListener.log Command line argument: --add-opens=java.base/java.lang=ALL-UNNAMED
20-Mar-2026 08:50:44.026 INFO [main] org.apache.catalina.startup.VersionLoggerListener.log Command line argument: --add-opens=java.base/java.lang.reflect=ALL-UNNAMED
20-Mar-2026 08:50:44.026 INFO [main] org.apache.catalina.startup.VersionLoggerListener.log Command line argument: --add-opens=java.base/java.io=ALL-UNNAMED
20-Mar-2026 08:50:44.026 INFO [main] org.apache.catalina.startup.VersionLoggerListener.log Command line argument: --add-opens=java.base/java.util=ALL-UNNAMED
20-Mar-2026 08:50:44.028 INFO [main] org.apache.catalina.startup.VersionLoggerListener.log Command line argument: --add-opens=java.base/java.util.concurrent=ALL-UNNAMED
20-Mar-2026 08:50:44.028 INFO [main] org.apache.catalina.startup.VersionLoggerListener.log Command line argument: --add-opens=java.rmi/sun.rmi.transport=ALL-UNNAMED
20-Mar-2026 08:50:44.028 INFO [main] org.apache.catalina.startup.VersionLoggerListener.log Command line argument: -Dcatalina.base=C:\Users\ashwi\OneDrive\Documents\SpringMvcHelloWorld1\apache-tomcat-10.1.52
20-Mar-2026 08:50:44.028 INFO [main] org.apache.catalina.startup.VersionLoggerListener.log Command line argument: -Dcatalina.home=C:\Users\ashwi\OneDrive\Documents\SpringMvcHelloWorld1\apache-tomcat-10.1.52
20-Mar-2026 08:50:44.029 INFO [main] org.apache.catalina.startup.VersionLoggerListener.log Command line argument: -Djava.io.tmpdir=C:\Users\ashwi\OneDrive\Documents\SpringMvcHelloWorld1\apache-tomcat-10.1.52\temp
20-Mar-2026 08:50:44.042 INFO [main] org.apache.catalina.core.AprLifecycleListener.lifecycleEvent The Apache Tomcat Native library which allows using OpenSSL was not found on the java.library.path: [C:\Program Files\Java\jdk-25.0.2\bin;C:\WINDOWS\Sun\Java\bin;C:\WINDOWS\system32;C:\WINDOWS;C:\Program Files\Common Files\Oracle\Java\javapath;C:\Program Files\Eclipse Adoptium\jdk-17.0.17.10-hotspot\bin;C:\Python314\Scripts\;C:\Python314\;C:\WINDOWS\system32;C:\WINDOWS;C:\WINDOWS\System32\Wbem;C:\WINDOWS\System32\WindowsPowerShell\v1.0\;C:\WINDOWS\System32\OpenSSH\;C:\Program Files (x86)\Microsoft SQL Server\160\Tools\Binn\;C:\Program Files\Microsoft SQL Server\160\Tools\Binn\;C:\Program Files\Microsoft SQL Server\Client SDK\ODBC\170\Tools\Binn\;C:\Program Files\Microsoft SQL Server\160\DTS\Binn\;D:\bin;D:\Git\cmd;D:\NodeJS\;C:\ProgramData\chocolatey\bin;C:\Program Files\apache-maven-3.9.14\bin;C:\Users\ashwi\AppData\Local\Microsoft\WindowsApps;C:\Users\ashwi\AppData\Local\Programs\Microsoft VS Code\bin;C:\Program Files\Azure Data Studio\bin;C:\MinGW\bin;C:\Users\ashwi\AppData\Roaming\npm;C:\Users\ashwi\AppData\Local\Android\Sdk\platform-tools;C:\Users\ashwi\AppData\Local\Programs\Antigravity\bin;.]
20-Mar-2026 08:50:44.491 INFO [main] org.apache.coyote.AbstractProtocol.init Initializing ProtocolHandler ["http-nio-8080"]
20-Mar-2026 08:50:44.534 INFO [main] org.apache.catalina.startup.Catalina.load Server initialization in [845] milliseconds
20-Mar-2026 08:50:44.627 INFO [main] org.apache.catalina.core.StandardService.startInternal Starting service [Catalina]
20-Mar-2026 08:50:44.629 INFO [main] org.apache.catalina.core.StandardEngine.startInternal Starting Servlet engine: [Apache Tomcat/10.1.52]
20-Mar-2026 08:50:44.695 INFO [main] org.apache.catalina.startup.HostConfig.deployWAR Deploying web application archive [C:\Users\ashwi\OneDrive\Documents\SpringMvcHelloWorld1\apache-tomcat-10.1.52\webapps\SpringMvcHelloWorld.war]
20-Mar-2026 08:50:45.252 INFO [main] org.apache.catalina.startup.HostConfig.deployWAR Deployment of web application archive [C:\Users\ashwi\OneDrive\Documents\SpringMvcHelloWorld1\apache-tomcat-10.1.52\webapps\SpringMvcHelloWorld.war] has finished in [551] ms
20-Mar-2026 08:50:45.253 INFO [main] org.apache.catalina.startup.HostConfig.deployDirectory Deploying web application directory [C:\Users\ashwi\OneDrive\Documents\SpringMvcHelloWorld1\apache-tomcat-10.1.52\webapps\docs]
20-Mar-2026 08:50:45.345 INFO [main] org.apache.catalina.startup.HostConfig.deployDirectory Deployment of web application directory [C:\Users\ashwi\OneDrive\Documents\SpringMvcHelloWorld1\apache-tomcat-10.1.52\webapps\docs] has finished in [92] ms
20-Mar-2026 08:50:45.346 INFO [main] org.apache.catalina.startup.HostConfig.deployDirectory Deploying web application directory [C:\Users\ashwi\OneDrive\Documents\SpringMvcHelloWorld1\apache-tomcat-10.1.52\webapps\examples]
20-Mar-2026 08:50:46.484 INFO [main] org.apache.catalina.startup.HostConfig.deployDirectory Deployment of web application directory [C:\Users\ashwi\OneDrive\Documents\SpringMvcHelloWorld1\apache-tomcat-10.1.52\webapps\examples] has finished in [1,138] ms
20-Mar-2026 08:50:46.485 INFO [main] org.apache.catalina.startup.HostConfig.deployDirectory Deploying web application directory [C:\Users\ashwi\OneDrive\Documents\SpringMvcHelloWorld1\apache-tomcat-10.1.52\webapps\host-manager]
20-Mar-2026 08:50:46.602 INFO [main] org.apache.catalina.startup.HostConfig.deployDirectory Deployment of web application directory [C:\Users\ashwi\OneDrive\Documents\SpringMvcHelloWorld1\apache-tomcat-10.1.52\webapps\host-manager] has finished in [117] ms
20-Mar-2026 08:50:46.603 INFO [main] org.apache.catalina.startup.HostConfig.deployDirectory Deploying web application directory [C:\Users\ashwi\OneDrive\Documents\SpringMvcHelloWorld1\apache-tomcat-10.1.52\webapps\manager]
20-Mar-2026 08:50:46.707 INFO [main] org.apache.catalina.startup.HostConfig.deployDirectory Deployment of web application directory [C:\Users\ashwi\OneDrive\Documents\SpringMvcHelloWorld1\apache-tomcat-10.1.52\webapps\manager] has finished in [104] ms
20-Mar-2026 08:50:46.708 INFO [main] org.apache.catalina.startup.HostConfig.deployDirectory Deploying web application directory [C:\Users\ashwi\OneDrive\Documents\SpringMvcHelloWorld1\apache-tomcat-10.1.52\webapps\ROOT]
20-Mar-2026 08:50:46.787 INFO [main] org.apache.catalina.startup.HostConfig.deployDirectory Deployment of web application directory [C:\Users\ashwi\OneDrive\Documents\SpringMvcHelloWorld1\apache-tomcat-10.1.52\webapps\ROOT] has finished in [79] ms
20-Mar-2026 08:50:46.794 INFO [main] org.apache.coyote.AbstractProtocol.start Starting ProtocolHandler ["http-nio-8080"]
20-Mar-2026 08:50:46.841 INFO [main] org.apache.catalina.startup.Catalina.start Server startup in [2301] milliseconds
20-Mar-2026 08:55:49.014 INFO [main] org.apache.catalina.core.StandardServer.await A valid shutdown command was received via the shutdown port. Stopping the Server instance.
20-Mar-2026 08:55:49.015 INFO [main] org.apache.coyote.AbstractProtocol.pause Pausing ProtocolHandler ["http-nio-8080"]
20-Mar-2026 08:55:49.037 INFO [main] org.apache.catalina.core.StandardService.stopInternal Stopping service [Catalina]
20-Mar-2026 08:55:49.081 INFO [main] org.apache.coyote.AbstractProtocol.stop Stopping ProtocolHandler ["http-nio-8080"]
20-Mar-2026 08:55:49.085 INFO [main] org.apache.coyote.AbstractProtocol.destroy Destroying ProtocolHandler ["http-nio-8080"]
20-Mar-2026 08:56:22.523 INFO [main] org.apache.catalina.startup.VersionLoggerListener.log Server version name:   Apache Tomcat/10.1.52
20-Mar-2026 08:56:22.529 INFO [main] org.apache.catalina.startup.VersionLoggerListener.log Server built:          Jan 23 2026 19:29:07 UTC
20-Mar-2026 08:56:22.530 INFO [main] org.apache.catalina.startup.VersionLoggerListener.log Server version number: 10.1.52.0
20-Mar-2026 08:56:22.531 INFO [main] org.apache.catalina.startup.VersionLoggerListener.log OS Name:               Windows 11
20-Mar-2026 08:56:22.531 INFO [main] org.apache.catalina.startup.VersionLoggerListener.log OS Version:            10.0
20-Mar-2026 08:56:22.531 INFO [main] org.apache.catalina.startup.VersionLoggerListener.log Architecture:          amd64
20-Mar-2026 08:56:22.532 INFO [main] org.apache.catalina.startup.VersionLoggerListener.log Java Home:             C:\Program Files\Java\jdk-25.0.2
20-Mar-2026 08:56:22.532 INFO [main] org.apache.catalina.startup.VersionLoggerListener.log JVM Version:           25.0.2+10-LTS-69
20-Mar-2026 08:56:22.532 INFO [main] org.apache.catalina.startup.VersionLoggerListener.log JVM Vendor:            Oracle Corporation
20-Mar-2026 08:56:22.533 INFO [main] org.apache.catalina.startup.VersionLoggerListener.log CATALINA_BASE:         C:\Users\ashwi\OneDrive\Documents\SpringMvcHelloWorld1\apache-tomcat-10.1.52
20-Mar-2026 08:56:22.533 INFO [main] org.apache.catalina.startup.VersionLoggerListener.log CATALINA_HOME:         C:\Users\ashwi\OneDrive\Documents\SpringMvcHelloWorld1\apache-tomcat-10.1.52
20-Mar-2026 08:56:22.556 INFO [main] org.apache.catalina.startup.VersionLoggerListener.log Command line argument: -Djava.util.logging.config.file=C:\Users\ashwi\OneDrive\Documents\SpringMvcHelloWorld1\apache-tomcat-10.1.52\conf\logging.properties
20-Mar-2026 08:56:22.557 INFO [main] org.apache.catalina.startup.VersionLoggerListener.log Command line argument: -Djava.util.logging.manager=org.apache.juli.ClassLoaderLogManager
20-Mar-2026 08:56:22.557 INFO [main] org.apache.catalina.startup.VersionLoggerListener.log Command line argument: -Djdk.tls.ephemeralDHKeySize=2048
20-Mar-2026 08:56:22.557 INFO [main] org.apache.catalina.startup.VersionLoggerListener.log Command line argument: -Djava.protocol.handler.pkgs=org.apache.catalina.webresources
20-Mar-2026 08:56:22.557 INFO [main] org.apache.catalina.startup.VersionLoggerListener.log Command line argument: -Dsun.io.useCanonCaches=false
20-Mar-2026 08:56:22.557 INFO [main] org.apache.catalina.startup.VersionLoggerListener.log Command line argument: --add-opens=java.base/java.lang=ALL-UNNAMED
20-Mar-2026 08:56:22.558 INFO [main] org.apache.catalina.startup.VersionLoggerListener.log Command line argument: --add-opens=java.base/java.lang.reflect=ALL-UNNAMED
20-Mar-2026 08:56:22.558 INFO [main] org.apache.catalina.startup.VersionLoggerListener.log Command line argument: --add-opens=java.base/java.io=ALL-UNNAMED
20-Mar-2026 08:56:22.558 INFO [main] org.apache.catalina.startup.VersionLoggerListener.log Command line argument: --add-opens=java.base/java.util=ALL-UNNAMED
20-Mar-2026 08:56:22.558 INFO [main] org.apache.catalina.startup.VersionLoggerListener.log Command line argument: --add-opens=java.base/java.util.concurrent=ALL-UNNAMED
20-Mar-2026 08:56:22.558 INFO [main] org.apache.catalina.startup.VersionLoggerListener.log Command line argument: --add-opens=java.rmi/sun.rmi.transport=ALL-UNNAMED
20-Mar-2026 08:56:22.559 INFO [main] org.apache.catalina.startup.VersionLoggerListener.log Command line argument: -Dcatalina.base=C:\Users\ashwi\OneDrive\Documents\SpringMvcHelloWorld1\apache-tomcat-10.1.52
20-Mar-2026 08:56:22.559 INFO [main] org.apache.catalina.startup.VersionLoggerListener.log Command line argument: -Dcatalina.home=C:\Users\ashwi\OneDrive\Documents\SpringMvcHelloWorld1\apache-tomcat-10.1.52
20-Mar-2026 08:56:22.559 INFO [main] org.apache.catalina.startup.VersionLoggerListener.log Command line argument: -Djava.io.tmpdir=C:\Users\ashwi\OneDrive\Documents\SpringMvcHelloWorld1\apache-tomcat-10.1.52\temp
20-Mar-2026 08:56:22.572 INFO [main] org.apache.catalina.core.AprLifecycleListener.lifecycleEvent The Apache Tomcat Native library which allows using OpenSSL was not found on the java.library.path: [C:\Program Files\Java\jdk-25.0.2\bin;C:\WINDOWS\Sun\Java\bin;C:\WINDOWS\system32;C:\WINDOWS;C:\Program Files\Common Files\Oracle\Java\javapath;C:\Program Files\Eclipse Adoptium\jdk-17.0.17.10-hotspot\bin;C:\Python314\Scripts\;C:\Python314\;C:\WINDOWS\system32;C:\WINDOWS;C:\WINDOWS\System32\Wbem;C:\WINDOWS\System32\WindowsPowerShell\v1.0\;C:\WINDOWS\System32\OpenSSH\;C:\Program Files (x86)\Microsoft SQL Server\160\Tools\Binn\;C:\Program Files\Microsoft SQL Server\160\Tools\Binn\;C:\Program Files\Microsoft SQL Server\Client SDK\ODBC\170\Tools\Binn\;C:\Program Files\Microsoft SQL Server\160\DTS\Binn\;D:\bin;D:\Git\cmd;D:\NodeJS\;C:\ProgramData\chocolatey\bin;C:\Program Files\apache-maven-3.9.14\bin;C:\Users\ashwi\AppData\Local\Microsoft\WindowsApps;C:\Users\ashwi\AppData\Local\Programs\Microsoft VS Code\bin;C:\Program Files\Azure Data Studio\bin;C:\MinGW\bin;C:\Users\ashwi\AppData\Roaming\npm;C:\Users\ashwi\AppData\Local\Android\Sdk\platform-tools;C:\Users\ashwi\AppData\Local\Programs\Antigravity\bin;.]
20-Mar-2026 08:56:23.044 INFO [main] org.apache.coyote.AbstractProtocol.init Initializing ProtocolHandler ["http-nio-8080"]
20-Mar-2026 08:56:23.092 INFO [main] org.apache.catalina.startup.Catalina.load Server initialization in [845] milliseconds
20-Mar-2026 08:56:23.178 INFO [main] org.apache.catalina.core.StandardService.startInternal Starting service [Catalina]
20-Mar-2026 08:56:23.179 INFO [main] org.apache.catalina.core.StandardEngine.startInternal Starting Servlet engine: [Apache Tomcat/10.1.52]
20-Mar-2026 08:56:23.248 INFO [main] org.apache.catalina.startup.HostConfig.deployWAR Deploying web application archive [C:\Users\ashwi\OneDrive\Documents\SpringMvcHelloWorld1\apache-tomcat-10.1.52\webapps\SpringMvcHelloWorld.war]
20-Mar-2026 08:56:23.831 INFO [main] org.apache.catalina.startup.HostConfig.deployWAR Deployment of web application archive [C:\Users\ashwi\OneDrive\Documents\SpringMvcHelloWorld1\apache-tomcat-10.1.52\webapps\SpringMvcHelloWorld.war] has finished in [579] ms
20-Mar-2026 08:56:23.833 INFO [main] org.apache.catalina.startup.HostConfig.deployDirectory Deploying web application directory [C:\Users\ashwi\OneDrive\Documents\SpringMvcHelloWorld1\apache-tomcat-10.1.52\webapps\docs]
20-Mar-2026 08:56:23.920 INFO [main] org.apache.catalina.startup.HostConfig.deployDirectory Deployment of web application directory [C:\Users\ashwi\OneDrive\Documents\SpringMvcHelloWorld1\apache-tomcat-10.1.52\webapps\docs] has finished in [87] ms
20-Mar-2026 08:56:23.920 INFO [main] org.apache.catalina.startup.HostConfig.deployDirectory Deploying web application directory [C:\Users\ashwi\OneDrive\Documents\SpringMvcHelloWorld1\apache-tomcat-10.1.52\webapps\examples]
20-Mar-2026 08:56:25.061 INFO [main] org.apache.catalina.startup.HostConfig.deployDirectory Deployment of web application directory [C:\Users\ashwi\OneDrive\Documents\SpringMvcHelloWorld1\apache-tomcat-10.1.52\webapps\examples] has finished in [1,141] ms
20-Mar-2026 08:56:25.062 INFO [main] org.apache.catalina.startup.HostConfig.deployDirectory Deploying web application directory [C:\Users\ashwi\OneDrive\Documents\SpringMvcHelloWorld1\apache-tomcat-10.1.52\webapps\host-manager]
20-Mar-2026 08:56:25.159 INFO [main] org.apache.catalina.startup.HostConfig.deployDirectory Deployment of web application directory [C:\Users\ashwi\OneDrive\Documents\SpringMvcHelloWorld1\apache-tomcat-10.1.52\webapps\host-manager] has finished in [97] ms
20-Mar-2026 08:56:25.160 INFO [main] org.apache.catalina.startup.HostConfig.deployDirectory Deploying web application directory [C:\Users\ashwi\OneDrive\Documents\SpringMvcHelloWorld1\apache-tomcat-10.1.52\webapps\manager]
20-Mar-2026 08:56:25.240 INFO [main] org.apache.catalina.startup.HostConfig.deployDirectory Deployment of web application directory [C:\Users\ashwi\OneDrive\Documents\SpringMvcHelloWorld1\apache-tomcat-10.1.52\webapps\manager] has finished in [80] ms
20-Mar-2026 08:56:25.242 INFO [main] org.apache.catalina.startup.HostConfig.deployDirectory Deploying web application directory [C:\Users\ashwi\OneDrive\Documents\SpringMvcHelloWorld1\apache-tomcat-10.1.52\webapps\ROOT]
20-Mar-2026 08:56:25.323 INFO [main] org.apache.catalina.startup.HostConfig.deployDirectory Deployment of web application directory [C:\Users\ashwi\OneDrive\Documents\SpringMvcHelloWorld1\apache-tomcat-10.1.52\webapps\ROOT] has finished in [81] ms
20-Mar-2026 08:56:25.331 INFO [main] org.apache.coyote.AbstractProtocol.start Starting ProtocolHandler ["http-nio-8080"]
20-Mar-2026 08:56:25.377 INFO [main] org.apache.catalina.startup.Catalina.start Server startup in [2280] milliseconds
20-Mar-2026 09:11:21.440 INFO [main] org.apache.catalina.startup.VersionLoggerListener.log Server version name:   Apache Tomcat/10.1.52
20-Mar-2026 09:11:21.444 INFO [main] org.apache.catalina.startup.VersionLoggerListener.log Server built:          Jan 23 2026 19:29:07 UTC
20-Mar-2026 09:11:21.445 INFO [main] org.apache.catalina.startup.VersionLoggerListener.log Server version number: 10.1.52.0
20-Mar-2026 09:11:21.447 INFO [main] org.apache.catalina.startup.VersionLoggerListener.log OS Name:               Windows 11
20-Mar-2026 09:11:21.447 INFO [main] org.apache.catalina.startup.VersionLoggerListener.log OS Version:            10.0
20-Mar-2026 09:11:21.447 INFO [main] org.apache.catalina.startup.VersionLoggerListener.log Architecture:          amd64
20-Mar-2026 09:11:21.448 INFO [main] org.apache.catalina.startup.VersionLoggerListener.log Java Home:             C:\Program Files\Java\jdk-25.0.2
20-Mar-2026 09:11:21.448 INFO [main] org.apache.catalina.startup.VersionLoggerListener.log JVM Version:           25.0.2+10-LTS-69
20-Mar-2026 09:11:21.448 INFO [main] org.apache.catalina.startup.VersionLoggerListener.log JVM Vendor:            Oracle Corporation
20-Mar-2026 09:11:21.449 INFO [main] org.apache.catalina.startup.VersionLoggerListener.log CATALINA_BASE:         C:\Users\ashwi\OneDrive\Documents\SpringMvcHelloWorld1\apache-tomcat-10.1.52
20-Mar-2026 09:11:21.449 INFO [main] org.apache.catalina.startup.VersionLoggerListener.log CATALINA_HOME:         C:\Users\ashwi\OneDrive\Documents\SpringMvcHelloWorld1\apache-tomcat-10.1.52
20-Mar-2026 09:11:21.472 INFO [main] org.apache.catalina.startup.VersionLoggerListener.log Command line argument: -Djava.util.logging.config.file=C:\Users\ashwi\OneDrive\Documents\SpringMvcHelloWorld1\apache-tomcat-10.1.52\conf\logging.properties
20-Mar-2026 09:11:21.472 INFO [main] org.apache.catalina.startup.VersionLoggerListener.log Command line argument: -Djava.util.logging.manager=org.apache.juli.ClassLoaderLogManager
20-Mar-2026 09:11:21.472 INFO [main] org.apache.catalina.startup.VersionLoggerListener.log Command line argument: -Djdk.tls.ephemeralDHKeySize=2048
20-Mar-2026 09:11:21.472 INFO [main] org.apache.catalina.startup.VersionLoggerListener.log Command line argument: -Djava.protocol.handler.pkgs=org.apache.catalina.webresources
20-Mar-2026 09:11:21.472 INFO [main] org.apache.catalina.startup.VersionLoggerListener.log Command line argument: -Dsun.io.useCanonCaches=false
20-Mar-2026 09:11:21.472 INFO [main] org.apache.catalina.startup.VersionLoggerListener.log Command line argument: --add-opens=java.base/java.lang=ALL-UNNAMED
20-Mar-2026 09:11:21.474 INFO [main] org.apache.catalina.startup.VersionLoggerListener.log Command line argument: --add-opens=java.base/java.lang.reflect=ALL-UNNAMED
20-Mar-2026 09:11:21.474 INFO [main] org.apache.catalina.startup.VersionLoggerListener.log Command line argument: --add-opens=java.base/java.io=ALL-UNNAMED
20-Mar-2026 09:11:21.474 INFO [main] org.apache.catalina.startup.VersionLoggerListener.log Command line argument: --add-opens=java.base/java.util=ALL-UNNAMED
20-Mar-2026 09:11:21.474 INFO [main] org.apache.catalina.startup.VersionLoggerListener.log Command line argument: --add-opens=java.base/java.util.concurrent=ALL-UNNAMED
20-Mar-2026 09:11:21.474 INFO [main] org.apache.catalina.startup.VersionLoggerListener.log Command line argument: --add-opens=java.rmi/sun.rmi.transport=ALL-UNNAMED
20-Mar-2026 09:11:21.474 INFO [main] org.apache.catalina.startup.VersionLoggerListener.log Command line argument: -Dcatalina.base=C:\Users\ashwi\OneDrive\Documents\SpringMvcHelloWorld1\apache-tomcat-10.1.52
20-Mar-2026 09:11:21.475 INFO [main] org.apache.catalina.startup.VersionLoggerListener.log Command line argument: -Dcatalina.home=C:\Users\ashwi\OneDrive\Documents\SpringMvcHelloWorld1\apache-tomcat-10.1.52
20-Mar-2026 09:11:21.475 INFO [main] org.apache.catalina.startup.VersionLoggerListener.log Command line argument: -Djava.io.tmpdir=C:\Users\ashwi\OneDrive\Documents\SpringMvcHelloWorld1\apache-tomcat-10.1.52\temp
20-Mar-2026 09:11:21.487 INFO [main] org.apache.catalina.core.AprLifecycleListener.lifecycleEvent The Apache Tomcat Native library which allows using OpenSSL was not found on the java.library.path: [C:\Program Files\Java\jdk-25.0.2\bin;C:\WINDOWS\Sun\Java\bin;C:\WINDOWS\system32;C:\WINDOWS;C:\Program Files\Common Files\Oracle\Java\javapath;C:\Program Files\Eclipse Adoptium\jdk-17.0.17.10-hotspot\bin;C:\Python314\Scripts\;C:\Python314\;C:\WINDOWS\system32;C:\WINDOWS;C:\WINDOWS\System32\Wbem;C:\WINDOWS\System32\WindowsPowerShell\v1.0\;C:\WINDOWS\System32\OpenSSH\;C:\Program Files (x86)\Microsoft SQL Server\160\Tools\Binn\;C:\Program Files\Microsoft SQL Server\160\Tools\Binn\;C:\Program Files\Microsoft SQL Server\Client SDK\ODBC\170\Tools\Binn\;C:\Program Files\Microsoft SQL Server\160\DTS\Binn\;D:\bin;D:\Git\cmd;D:\NodeJS\;C:\ProgramData\chocolatey\bin;C:\Program Files\apache-maven-3.9.14\bin;C:\Users\ashwi\AppData\Local\Microsoft\WindowsApps;C:\Users\ashwi\AppData\Local\Programs\Microsoft VS Code\bin;C:\Program Files\Azure Data Studio\bin;C:\MinGW\bin;C:\Users\ashwi\AppData\Roaming\npm;C:\Users\ashwi\AppData\Local\Android\Sdk\platform-tools;C:\Users\ashwi\AppData\Local\Programs\Antigravity\bin;.]
20-Mar-2026 09:11:21.884 INFO [main] org.apache.coyote.AbstractProtocol.init Initializing ProtocolHandler ["http-nio-8080"]
20-Mar-2026 09:11:21.939 INFO [main] org.apache.catalina.startup.Catalina.load Server initialization in [757] milliseconds
20-Mar-2026 09:11:22.028 INFO [main] org.apache.catalina.core.StandardService.startInternal Starting service [Catalina]
20-Mar-2026 09:11:22.029 INFO [main] org.apache.catalina.core.StandardEngine.startInternal Starting Servlet engine: [Apache Tomcat/10.1.52]
20-Mar-2026 09:11:22.093 INFO [main] org.apache.catalina.startup.HostConfig.deployWAR Deploying web application archive [C:\Users\ashwi\OneDrive\Documents\SpringMvcHelloWorld1\apache-tomcat-10.1.52\webapps\SpringMvcHelloWorld.war]
20-Mar-2026 09:11:22.600 INFO [main] org.apache.catalina.startup.HostConfig.deployWAR Deployment of web application archive [C:\Users\ashwi\OneDrive\Documents\SpringMvcHelloWorld1\apache-tomcat-10.1.52\webapps\SpringMvcHelloWorld.war] has finished in [504] ms
20-Mar-2026 09:11:22.602 INFO [main] org.apache.catalina.startup.HostConfig.deployDirectory Deploying web application directory [C:\Users\ashwi\OneDrive\Documents\SpringMvcHelloWorld1\apache-tomcat-10.1.52\webapps\docs]
20-Mar-2026 09:11:22.678 INFO [main] org.apache.catalina.startup.HostConfig.deployDirectory Deployment of web application directory [C:\Users\ashwi\OneDrive\Documents\SpringMvcHelloWorld1\apache-tomcat-10.1.52\webapps\docs] has finished in [75] ms
20-Mar-2026 09:11:22.678 INFO [main] org.apache.catalina.startup.HostConfig.deployDirectory Deploying web application directory [C:\Users\ashwi\OneDrive\Documents\SpringMvcHelloWorld1\apache-tomcat-10.1.52\webapps\examples]
20-Mar-2026 09:11:23.701 INFO [main] org.apache.catalina.startup.HostConfig.deployDirectory Deployment of web application directory [C:\Users\ashwi\OneDrive\Documents\SpringMvcHelloWorld1\apache-tomcat-10.1.52\webapps\examples] has finished in [1,023] ms
20-Mar-2026 09:11:23.703 INFO [main] org.apache.catalina.startup.HostConfig.deployDirectory Deploying web application directory [C:\Users\ashwi\OneDrive\Documents\SpringMvcHelloWorld1\apache-tomcat-10.1.52\webapps\host-manager]
20-Mar-2026 09:11:23.806 INFO [main] org.apache.catalina.startup.HostConfig.deployDirectory Deployment of web application directory [C:\Users\ashwi\OneDrive\Documents\SpringMvcHelloWorld1\apache-tomcat-10.1.52\webapps\host-manager] has finished in [104] ms
20-Mar-2026 09:11:23.807 INFO [main] org.apache.catalina.startup.HostConfig.deployDirectory Deploying web application directory [C:\Users\ashwi\OneDrive\Documents\SpringMvcHelloWorld1\apache-tomcat-10.1.52\webapps\manager]
20-Mar-2026 09:11:23.884 INFO [main] org.apache.catalina.startup.HostConfig.deployDirectory Deployment of web application directory [C:\Users\ashwi\OneDrive\Documents\SpringMvcHelloWorld1\apache-tomcat-10.1.52\webapps\manager] has finished in [77] ms
20-Mar-2026 09:11:23.884 INFO [main] org.apache.catalina.startup.HostConfig.deployDirectory Deploying web application directory [C:\Users\ashwi\OneDrive\Documents\SpringMvcHelloWorld1\apache-tomcat-10.1.52\webapps\ROOT]
20-Mar-2026 09:11:23.946 INFO [main] org.apache.catalina.startup.HostConfig.deployDirectory Deployment of web application directory [C:\Users\ashwi\OneDrive\Documents\SpringMvcHelloWorld1\apache-tomcat-10.1.52\webapps\ROOT] has finished in [62] ms
20-Mar-2026 09:11:23.952 INFO [main] org.apache.coyote.AbstractProtocol.start Starting ProtocolHandler ["http-nio-8080"]
20-Mar-2026 09:11:23.991 INFO [main] org.apache.catalina.startup.Catalina.start Server startup in [2045] milliseconds
20-Mar-2026 09:32:06.217 INFO [Catalina-utility-1] org.apache.catalina.startup.HostConfig.undeploy Undeploying context [/SpringMvcHelloWorld]
20-Mar-2026 09:32:06.332 SEVERE [Catalina-utility-1] org.apache.catalina.startup.ExpandWar.deleteDir [C:\Users\ashwi\OneDrive\Documents\SpringMvcHelloWorld1\apache-tomcat-10.1.52\work\Catalina\localhost\SpringMvcHelloWorld\org\apache\jsp\WEB_002dINF\views] could not be completely deleted. The presence of the remaining files may cause problems
20-Mar-2026 09:32:06.332 SEVERE [Catalina-utility-1] org.apache.catalina.startup.ExpandWar.deleteDir [C:\Users\ashwi\OneDrive\Documents\SpringMvcHelloWorld1\apache-tomcat-10.1.52\work\Catalina\localhost\SpringMvcHelloWorld\org\apache\jsp\WEB_002dINF] could not be completely deleted. The presence of the remaining files may cause problems
20-Mar-2026 09:32:06.332 SEVERE [Catalina-utility-1] org.apache.catalina.startup.ExpandWar.deleteDir [C:\Users\ashwi\OneDrive\Documents\SpringMvcHelloWorld1\apache-tomcat-10.1.52\work\Catalina\localhost\SpringMvcHelloWorld\org\apache\jsp] could not be completely deleted. The presence of the remaining files may cause problems
20-Mar-2026 09:32:06.332 SEVERE [Catalina-utility-1] org.apache.catalina.startup.ExpandWar.deleteDir [C:\Users\ashwi\OneDrive\Documents\SpringMvcHelloWorld1\apache-tomcat-10.1.52\work\Catalina\localhost\SpringMvcHelloWorld\org\apache] could not be completely deleted. The presence of the remaining files may cause problems
20-Mar-2026 09:32:06.332 SEVERE [Catalina-utility-1] org.apache.catalina.startup.ExpandWar.deleteDir [C:\Users\ashwi\OneDrive\Documents\SpringMvcHelloWorld1\apache-tomcat-10.1.52\work\Catalina\localhost\SpringMvcHelloWorld\org] could not be completely deleted. The presence of the remaining files may cause problems
20-Mar-2026 09:32:06.332 SEVERE [Catalina-utility-1] org.apache.catalina.startup.ExpandWar.deleteDir [C:\Users\ashwi\OneDrive\Documents\SpringMvcHelloWorld1\apache-tomcat-10.1.52\work\Catalina\localhost\SpringMvcHelloWorld] could not be completely deleted. The presence of the remaining files may cause problems
20-Mar-2026 09:32:06.332 SEVERE [Catalina-utility-1] org.apache.catalina.startup.ExpandWar.delete [C:\Users\ashwi\OneDrive\Documents\SpringMvcHelloWorld1\apache-tomcat-10.1.52\work\Catalina\localhost\SpringMvcHelloWorld] could not be completely deleted. The presence of the remaining files may cause problems
20-Mar-2026 09:32:06.350 SEVERE [Catalina-utility-1] org.apache.catalina.startup.ExpandWar.deleteDir [C:\Users\ashwi\OneDrive\Documents\SpringMvcHelloWorld1\apache-tomcat-10.1.52\webapps\SpringMvcHelloWorld\META-INF\maven\com.example\SpringMvcHelloWorld] could not be completely deleted. The presence of the remaining files may cause problems
20-Mar-2026 09:32:06.350 SEVERE [Catalina-utility-1] org.apache.catalina.startup.ExpandWar.deleteDir [C:\Users\ashwi\OneDrive\Documents\SpringMvcHelloWorld1\apache-tomcat-10.1.52\webapps\SpringMvcHelloWorld\META-INF\maven\com.example] could not be completely deleted. The presence of the remaining files may cause problems
20-Mar-2026 09:32:06.350 SEVERE [Catalina-utility-1] org.apache.catalina.startup.ExpandWar.deleteDir [C:\Users\ashwi\OneDrive\Documents\SpringMvcHelloWorld1\apache-tomcat-10.1.52\webapps\SpringMvcHelloWorld\META-INF\maven] could not be completely deleted. The presence of the remaining files may cause problems
20-Mar-2026 09:32:06.350 SEVERE [Catalina-utility-1] org.apache.catalina.startup.ExpandWar.deleteDir [C:\Users\ashwi\OneDrive\Documents\SpringMvcHelloWorld1\apache-tomcat-10.1.52\webapps\SpringMvcHelloWorld\META-INF] could not be completely deleted. The presence of the remaining files may cause problems
20-Mar-2026 09:32:06.350 SEVERE [Catalina-utility-1] org.apache.catalina.startup.ExpandWar.deleteDir [C:\Users\ashwi\OneDrive\Documents\SpringMvcHelloWorld1\apache-tomcat-10.1.52\webapps\SpringMvcHelloWorld\WEB-INF\classes\com\example\controller] could not be completely deleted. The presence of the remaining files may cause problems
20-Mar-2026 09:32:06.350 SEVERE [Catalina-utility-1] org.apache.catalina.startup.ExpandWar.deleteDir [C:\Users\ashwi\OneDrive\Documents\SpringMvcHelloWorld1\apache-tomcat-10.1.52\webapps\SpringMvcHelloWorld\WEB-INF\classes\com\example] could not be completely deleted. The presence of the remaining files may cause problems
20-Mar-2026 09:32:06.350 SEVERE [Catalina-utility-1] org.apache.catalina.startup.ExpandWar.deleteDir [C:\Users\ashwi\OneDrive\Documents\SpringMvcHelloWorld1\apache-tomcat-10.1.52\webapps\SpringMvcHelloWorld\WEB-INF\classes\com] could not be completely deleted. The presence of the remaining files may cause problems
20-Mar-2026 09:32:06.350 SEVERE [Catalina-utility-1] org.apache.catalina.startup.ExpandWar.deleteDir [C:\Users\ashwi\OneDrive\Documents\SpringMvcHelloWorld1\apache-tomcat-10.1.52\webapps\SpringMvcHelloWorld\WEB-INF\classes] could not be completely deleted. The presence of the remaining files may cause problems
20-Mar-2026 09:32:06.350 SEVERE [Catalina-utility-1] org.apache.catalina.startup.ExpandWar.deleteDir [C:\Users\ashwi\OneDrive\Documents\SpringMvcHelloWorld1\apache-tomcat-10.1.52\webapps\SpringMvcHelloWorld\WEB-INF\lib] could not be completely deleted. The presence of the remaining files may cause problems
20-Mar-2026 09:32:06.364 SEVERE [Catalina-utility-1] org.apache.catalina.startup.ExpandWar.deleteDir [C:\Users\ashwi\OneDrive\Documents\SpringMvcHelloWorld1\apache-tomcat-10.1.52\webapps\SpringMvcHelloWorld\WEB-INF\views] could not be completely deleted. The presence of the remaining files may cause problems
20-Mar-2026 09:32:06.366 SEVERE [Catalina-utility-1] org.apache.catalina.startup.ExpandWar.deleteDir [C:\Users\ashwi\OneDrive\Documents\SpringMvcHelloWorld1\apache-tomcat-10.1.52\webapps\SpringMvcHelloWorld\WEB-INF] could not be completely deleted. The presence of the remaining files may cause problems
20-Mar-2026 09:32:06.366 SEVERE [Catalina-utility-1] org.apache.catalina.startup.ExpandWar.deleteDir [C:\Users\ashwi\OneDrive\Documents\SpringMvcHelloWorld1\apache-tomcat-10.1.52\webapps\SpringMvcHelloWorld] could not be completely deleted. The presence of the remaining files may cause problems
20-Mar-2026 09:32:06.366 SEVERE [Catalina-utility-1] org.apache.catalina.startup.ExpandWar.delete [C:\Users\ashwi\OneDrive\Documents\SpringMvcHelloWorld1\apache-tomcat-10.1.52\webapps\SpringMvcHelloWorld] could not be completely deleted. The presence of the remaining files may cause problems
20-Mar-2026 09:32:06.384 INFO [Catalina-utility-1] org.apache.catalina.startup.HostConfig.deployWAR Deploying web application archive [C:\Users\ashwi\OneDrive\Documents\SpringMvcHelloWorld1\apache-tomcat-10.1.52\webapps\SpringMvcHelloWorld.war]
20-Mar-2026 09:32:06.550 INFO [Catalina-utility-1] org.apache.catalina.startup.HostConfig.deployWAR Deployment of web application archive [C:\Users\ashwi\OneDrive\Documents\SpringMvcHelloWorld1\apache-tomcat-10.1.52\webapps\SpringMvcHelloWorld.war] has finished in [166] ms
20-Mar-2026 09:32:24.695 INFO [main] org.apache.catalina.startup.VersionLoggerListener.log Server version name:   Apache Tomcat/10.1.52
20-Mar-2026 09:32:24.703 INFO [main] org.apache.catalina.startup.VersionLoggerListener.log Server built:          Jan 23 2026 19:29:07 UTC
20-Mar-2026 09:32:24.705 INFO [main] org.apache.catalina.startup.VersionLoggerListener.log Server version number: 10.1.52.0
20-Mar-2026 09:32:24.707 INFO [main] org.apache.catalina.startup.VersionLoggerListener.log OS Name:               Windows 11
20-Mar-2026 09:32:24.707 INFO [main] org.apache.catalina.startup.VersionLoggerListener.log OS Version:            10.0
20-Mar-2026 09:32:24.707 INFO [main] org.apache.catalina.startup.VersionLoggerListener.log Architecture:          amd64
20-Mar-2026 09:32:24.708 INFO [main] org.apache.catalina.startup.VersionLoggerListener.log Java Home:             C:\Program Files\Java\jdk-25.0.2
20-Mar-2026 09:32:24.709 INFO [main] org.apache.catalina.startup.VersionLoggerListener.log JVM Version:           25.0.2+10-LTS-69
20-Mar-2026 09:32:24.711 INFO [main] org.apache.catalina.startup.VersionLoggerListener.log JVM Vendor:            Oracle Corporation
20-Mar-2026 09:32:24.711 INFO [main] org.apache.catalina.startup.VersionLoggerListener.log CATALINA_BASE:         C:\Users\ashwi\OneDrive\Documents\SpringMvcHelloWorld1\apache-tomcat-10.1.52
20-Mar-2026 09:32:24.712 INFO [main] org.apache.catalina.startup.VersionLoggerListener.log CATALINA_HOME:         C:\Users\ashwi\OneDrive\Documents\SpringMvcHelloWorld1\apache-tomcat-10.1.52
20-Mar-2026 09:32:24.742 INFO [main] org.apache.catalina.startup.VersionLoggerListener.log Command line argument: -Djava.util.logging.config.file=C:\Users\ashwi\OneDrive\Documents\SpringMvcHelloWorld1\apache-tomcat-10.1.52\conf\logging.properties
20-Mar-2026 09:32:24.743 INFO [main] org.apache.catalina.startup.VersionLoggerListener.log Command line argument: -Djava.util.logging.manager=org.apache.juli.ClassLoaderLogManager
20-Mar-2026 09:32:24.743 INFO [main] org.apache.catalina.startup.VersionLoggerListener.log Command line argument: -Djdk.tls.ephemeralDHKeySize=2048
20-Mar-2026 09:32:24.743 INFO [main] org.apache.catalina.startup.VersionLoggerListener.log Command line argument: -Djava.protocol.handler.pkgs=org.apache.catalina.webresources
20-Mar-2026 09:32:24.743 INFO [main] org.apache.catalina.startup.VersionLoggerListener.log Command line argument: -Dsun.io.useCanonCaches=false
20-Mar-2026 09:32:24.744 INFO [main] org.apache.catalina.startup.VersionLoggerListener.log Command line argument: --add-opens=java.base/java.lang=ALL-UNNAMED
20-Mar-2026 09:32:24.744 INFO [main] org.apache.catalina.startup.VersionLoggerListener.log Command line argument: --add-opens=java.base/java.lang.reflect=ALL-UNNAMED
20-Mar-2026 09:32:24.744 INFO [main] org.apache.catalina.startup.VersionLoggerListener.log Command line argument: --add-opens=java.base/java.io=ALL-UNNAMED
20-Mar-2026 09:32:24.744 INFO [main] org.apache.catalina.startup.VersionLoggerListener.log Command line argument: --add-opens=java.base/java.util=ALL-UNNAMED
20-Mar-2026 09:32:24.745 INFO [main] org.apache.catalina.startup.VersionLoggerListener.log Command line argument: --add-opens=java.base/java.util.concurrent=ALL-UNNAMED
20-Mar-2026 09:32:24.745 INFO [main] org.apache.catalina.startup.VersionLoggerListener.log Command line argument: --add-opens=java.rmi/sun.rmi.transport=ALL-UNNAMED
20-Mar-2026 09:32:24.745 INFO [main] org.apache.catalina.startup.VersionLoggerListener.log Command line argument: -Dcatalina.base=C:\Users\ashwi\OneDrive\Documents\SpringMvcHelloWorld1\apache-tomcat-10.1.52
20-Mar-2026 09:32:24.745 INFO [main] org.apache.catalina.startup.VersionLoggerListener.log Command line argument: -Dcatalina.home=C:\Users\ashwi\OneDrive\Documents\SpringMvcHelloWorld1\apache-tomcat-10.1.52
20-Mar-2026 09:32:24.745 INFO [main] org.apache.catalina.startup.VersionLoggerListener.log Command line argument: -Djava.io.tmpdir=C:\Users\ashwi\OneDrive\Documents\SpringMvcHelloWorld1\apache-tomcat-10.1.52\temp
20-Mar-2026 09:32:24.760 INFO [main] org.apache.catalina.core.AprLifecycleListener.lifecycleEvent The Apache Tomcat Native library which allows using OpenSSL was not found on the java.library.path: [C:\Program Files\Java\jdk-25.0.2\bin;C:\WINDOWS\Sun\Java\bin;C:\WINDOWS\system32;C:\WINDOWS;C:\Program Files\Common Files\Oracle\Java\javapath;C:\Program Files\Eclipse Adoptium\jdk-17.0.17.10-hotspot\bin;C:\Python314\Scripts\;C:\Python314\;C:\WINDOWS\system32;C:\WINDOWS;C:\WINDOWS\System32\Wbem;C:\WINDOWS\System32\WindowsPowerShell\v1.0\;C:\WINDOWS\System32\OpenSSH\;C:\Program Files (x86)\Microsoft SQL Server\160\Tools\Binn\;C:\Program Files\Microsoft SQL Server\160\Tools\Binn\;C:\Program Files\Microsoft SQL Server\Client SDK\ODBC\170\Tools\Binn\;C:\Program Files\Microsoft SQL Server\160\DTS\Binn\;D:\bin;D:\Git\cmd;D:\NodeJS\;C:\ProgramData\chocolatey\bin;C:\Program Files\apache-maven-3.9.14\bin;C:\Users\ashwi\AppData\Local\Microsoft\WindowsApps;C:\Users\ashwi\AppData\Local\Programs\Microsoft VS Code\bin;C:\Program Files\Azure Data Studio\bin;C:\MinGW\bin;C:\Users\ashwi\AppData\Roaming\npm;C:\Users\ashwi\AppData\Local\Android\Sdk\platform-tools;C:\Users\ashwi\AppData\Local\Programs\Antigravity\bin;.]
20-Mar-2026 09:32:25.309 INFO [main] org.apache.coyote.AbstractProtocol.init Initializing ProtocolHandler ["http-nio-8080"]
20-Mar-2026 09:32:25.342 SEVERE [main] org.apache.catalina.util.LifecycleBase.handleSubClassException Failed to initialize component [Connector["http-nio-8080"]]
	org.apache.catalina.LifecycleException: Protocol handler initialization failed
		at org.apache.catalina.connector.Connector.initInternal(Connector.java:1084)
		at org.apache.catalina.util.LifecycleBase.init(LifecycleBase.java:122)
		at org.apache.catalina.core.StandardService.initInternal(StandardService.java:520)
		at org.apache.catalina.util.LifecycleBase.init(LifecycleBase.java:122)
		at org.apache.catalina.core.StandardServer.initInternal(StandardServer.java:955)
		at org.apache.catalina.util.LifecycleBase.init(LifecycleBase.java:122)
		at org.apache.catalina.startup.Catalina.load(Catalina.java:709)
		at org.apache.catalina.startup.Catalina.load(Catalina.java:732)
		at java.base/jdk.internal.reflect.DirectMethodHandleAccessor.invoke(DirectMethodHandleAccessor.java:104)
		at java.base/java.lang.reflect.Method.invoke(Method.java:565)
		at org.apache.catalina.startup.Bootstrap.load(Bootstrap.java:299)
		at org.apache.catalina.startup.Bootstrap.main(Bootstrap.java:472)
	Caused by: java.net.BindException: Address already in use: bind
		at java.base/sun.nio.ch.Net.bind0(Native Method)
		at java.base/sun.nio.ch.Net.bind(Net.java:522)
		at java.base/sun.nio.ch.ServerSocketChannelImpl.netBind(ServerSocketChannelImpl.java:335)
		at java.base/sun.nio.ch.ServerSocketChannelImpl.bind(ServerSocketChannelImpl.java:297)
		at org.apache.tomcat.util.net.NioEndpoint.initServerSocket(NioEndpoint.java:264)
		at org.apache.tomcat.util.net.NioEndpoint.bind(NioEndpoint.java:219)
		at org.apache.tomcat.util.net.AbstractEndpoint.bindWithCleanup(AbstractEndpoint.java:1431)
		at org.apache.tomcat.util.net.AbstractEndpoint.init(AbstractEndpoint.java:1444)
		at org.apache.coyote.AbstractProtocol.init(AbstractProtocol.java:633)
		at org.apache.coyote.http11.AbstractHttp11Protocol.init(AbstractHttp11Protocol.java:82)
		at org.apache.catalina.connector.Connector.initInternal(Connector.java:1082)
		... 11 more
20-Mar-2026 09:32:25.345 INFO [main] org.apache.catalina.startup.Catalina.load Server initialization in [999] milliseconds
20-Mar-2026 09:32:25.435 INFO [main] org.apache.catalina.core.StandardService.startInternal Starting service [Catalina]
20-Mar-2026 09:32:25.435 INFO [main] org.apache.catalina.core.StandardEngine.startInternal Starting Servlet engine: [Apache Tomcat/10.1.52]
20-Mar-2026 09:32:25.506 INFO [main] org.apache.catalina.startup.HostConfig.deployWAR Deploying web application archive [C:\Users\ashwi\OneDrive\Documents\SpringMvcHelloWorld1\apache-tomcat-10.1.52\webapps\SpringMvcHelloWorld.war]
20-Mar-2026 09:32:26.064 INFO [main] org.apache.catalina.startup.HostConfig.deployWAR Deployment of web application archive [C:\Users\ashwi\OneDrive\Documents\SpringMvcHelloWorld1\apache-tomcat-10.1.52\webapps\SpringMvcHelloWorld.war] has finished in [554] ms
20-Mar-2026 09:32:26.065 INFO [main] org.apache.catalina.startup.HostConfig.deployDirectory Deploying web application directory [C:\Users\ashwi\OneDrive\Documents\SpringMvcHelloWorld1\apache-tomcat-10.1.52\webapps\docs]
20-Mar-2026 09:32:26.156 INFO [main] org.apache.catalina.startup.HostConfig.deployDirectory Deployment of web application directory [C:\Users\ashwi\OneDrive\Documents\SpringMvcHelloWorld1\apache-tomcat-10.1.52\webapps\docs] has finished in [91] ms
20-Mar-2026 09:32:26.157 INFO [main] org.apache.catalina.startup.HostConfig.deployDirectory Deploying web application directory [C:\Users\ashwi\OneDrive\Documents\SpringMvcHelloWorld1\apache-tomcat-10.1.52\webapps\examples]
20-Mar-2026 09:32:27.289 INFO [main] org.apache.catalina.startup.HostConfig.deployDirectory Deployment of web application directory [C:\Users\ashwi\OneDrive\Documents\SpringMvcHelloWorld1\apache-tomcat-10.1.52\webapps\examples] has finished in [1,132] ms
20-Mar-2026 09:32:27.289 INFO [main] org.apache.catalina.startup.HostConfig.deployDirectory Deploying web application directory [C:\Users\ashwi\OneDrive\Documents\SpringMvcHelloWorld1\apache-tomcat-10.1.52\webapps\host-manager]
20-Mar-2026 09:32:27.407 INFO [main] org.apache.catalina.startup.HostConfig.deployDirectory Deployment of web application directory [C:\Users\ashwi\OneDrive\Documents\SpringMvcHelloWorld1\apache-tomcat-10.1.52\webapps\host-manager] has finished in [117] ms
20-Mar-2026 09:32:27.408 INFO [main] org.apache.catalina.startup.HostConfig.deployDirectory Deploying web application directory [C:\Users\ashwi\OneDrive\Documents\SpringMvcHelloWorld1\apache-tomcat-10.1.52\webapps\manager]
20-Mar-2026 09:32:27.508 INFO [main] org.apache.catalina.startup.HostConfig.deployDirectory Deployment of web application directory [C:\Users\ashwi\OneDrive\Documents\SpringMvcHelloWorld1\apache-tomcat-10.1.52\webapps\manager] has finished in [101] ms
20-Mar-2026 09:32:27.509 INFO [main] org.apache.catalina.startup.HostConfig.deployDirectory Deploying web application directory [C:\Users\ashwi\OneDrive\Documents\SpringMvcHelloWorld1\apache-tomcat-10.1.52\webapps\ROOT]
20-Mar-2026 09:32:27.580 INFO [main] org.apache.catalina.startup.HostConfig.deployDirectory Deployment of web application directory [C:\Users\ashwi\OneDrive\Documents\SpringMvcHelloWorld1\apache-tomcat-10.1.52\webapps\ROOT] has finished in [71] ms
20-Mar-2026 09:32:27.589 INFO [main] org.apache.catalina.startup.Catalina.start Server startup in [2240] milliseconds
20-Mar-2026 09:32:27.605 SEVERE [main] org.apache.catalina.core.StandardServer.await Failed to create server shutdown socket on address [localhost] and port [8005] (base port [8005] and offset [0])
	java.net.BindException: Address already in use: bind
		at java.base/sun.nio.ch.Net.bind0(Native Method)
		at java.base/sun.nio.ch.Net.bind(Net.java:522)
		at java.base/sun.nio.ch.Net.bind(Net.java:511)
		at java.base/sun.nio.ch.NioSocketImpl.bind(NioSocketImpl.java:641)
		at java.base/java.net.ServerSocket.bind(ServerSocket.java:326)
		at java.base/java.net.ServerSocket.<init>(ServerSocket.java:222)
		at org.apache.catalina.core.StandardServer.await(StandardServer.java:531)
		at org.apache.catalina.startup.Catalina.await(Catalina.java:848)
		at org.apache.catalina.startup.Catalina.start(Catalina.java:796)
		at java.base/jdk.internal.reflect.DirectMethodHandleAccessor.invoke(DirectMethodHandleAccessor.java:104)
		at java.base/java.lang.reflect.Method.invoke(Method.java:565)
		at org.apache.catalina.startup.Bootstrap.start(Bootstrap.java:342)
		at org.apache.catalina.startup.Bootstrap.main(Bootstrap.java:473)
20-Mar-2026 09:32:27.606 INFO [main] org.apache.coyote.AbstractProtocol.pause Pausing ProtocolHandler ["http-nio-8080"]
20-Mar-2026 09:32:27.606 INFO [main] org.apache.catalina.core.StandardService.stopInternal Stopping service [Catalina]
20-Mar-2026 09:32:27.644 INFO [main] org.apache.coyote.AbstractProtocol.stop Stopping ProtocolHandler ["http-nio-8080"]
20-Mar-2026 09:32:27.647 INFO [main] org.apache.coyote.AbstractProtocol.destroy Destroying ProtocolHandler ["http-nio-8080"]
20-Mar-2026 09:35:56.961 INFO [Catalina-utility-1] org.apache.catalina.startup.HostConfig.undeploy Undeploying context [/SpringMvcHelloWorld]
20-Mar-2026 09:35:56.975 SEVERE [Catalina-utility-1] org.apache.catalina.startup.ExpandWar.deleteDir [C:\Users\ashwi\OneDrive\Documents\SpringMvcHelloWorld1\apache-tomcat-10.1.52\work\Catalina\localhost\SpringMvcHelloWorld\org\apache\jsp\WEB_002dINF\views] could not be completely deleted. The presence of the remaining files may cause problems
20-Mar-2026 09:35:56.976 SEVERE [Catalina-utility-1] org.apache.catalina.startup.ExpandWar.deleteDir [C:\Users\ashwi\OneDrive\Documents\SpringMvcHelloWorld1\apache-tomcat-10.1.52\work\Catalina\localhost\SpringMvcHelloWorld\org\apache\jsp\WEB_002dINF] could not be completely deleted. The presence of the remaining files may cause problems
20-Mar-2026 09:35:56.976 SEVERE [Catalina-utility-1] org.apache.catalina.startup.ExpandWar.deleteDir [C:\Users\ashwi\OneDrive\Documents\SpringMvcHelloWorld1\apache-tomcat-10.1.52\work\Catalina\localhost\SpringMvcHelloWorld\org\apache\jsp] could not be completely deleted. The presence of the remaining files may cause problems
20-Mar-2026 09:35:56.977 SEVERE [Catalina-utility-1] org.apache.catalina.startup.ExpandWar.deleteDir [C:\Users\ashwi\OneDrive\Documents\SpringMvcHelloWorld1\apache-tomcat-10.1.52\work\Catalina\localhost\SpringMvcHelloWorld\org\apache] could not be completely deleted. The presence of the remaining files may cause problems
20-Mar-2026 09:35:56.977 SEVERE [Catalina-utility-1] org.apache.catalina.startup.ExpandWar.deleteDir [C:\Users\ashwi\OneDrive\Documents\SpringMvcHelloWorld1\apache-tomcat-10.1.52\work\Catalina\localhost\SpringMvcHelloWorld\org] could not be completely deleted. The presence of the remaining files may cause problems
20-Mar-2026 09:35:56.977 SEVERE [Catalina-utility-1] org.apache.catalina.startup.ExpandWar.deleteDir [C:\Users\ashwi\OneDrive\Documents\SpringMvcHelloWorld1\apache-tomcat-10.1.52\work\Catalina\localhost\SpringMvcHelloWorld] could not be completely deleted. The presence of the remaining files may cause problems
20-Mar-2026 09:35:56.977 SEVERE [Catalina-utility-1] org.apache.catalina.startup.ExpandWar.delete [C:\Users\ashwi\OneDrive\Documents\SpringMvcHelloWorld1\apache-tomcat-10.1.52\work\Catalina\localhost\SpringMvcHelloWorld] could not be completely deleted. The presence of the remaining files may cause problems
20-Mar-2026 09:35:56.977 SEVERE [Catalina-utility-1] org.apache.catalina.startup.ExpandWar.deleteDir [C:\Users\ashwi\OneDrive\Documents\SpringMvcHelloWorld1\apache-tomcat-10.1.52\webapps\SpringMvcHelloWorld\META-INF\maven\com.example\SpringMvcHelloWorld] could not be completely deleted. The presence of the remaining files may cause problems
20-Mar-2026 09:35:56.977 SEVERE [Catalina-utility-1] org.apache.catalina.startup.ExpandWar.deleteDir [C:\Users\ashwi\OneDrive\Documents\SpringMvcHelloWorld1\apache-tomcat-10.1.52\webapps\SpringMvcHelloWorld\META-INF\maven\com.example] could not be completely deleted. The presence of the remaining files may cause problems
20-Mar-2026 09:35:56.977 SEVERE [Catalina-utility-1] org.apache.catalina.startup.ExpandWar.deleteDir [C:\Users\ashwi\OneDrive\Documents\SpringMvcHelloWorld1\apache-tomcat-10.1.52\webapps\SpringMvcHelloWorld\META-INF\maven] could not be completely deleted. The presence of the remaining files may cause problems
20-Mar-2026 09:35:56.977 SEVERE [Catalina-utility-1] org.apache.catalina.startup.ExpandWar.deleteDir [C:\Users\ashwi\OneDrive\Documents\SpringMvcHelloWorld1\apache-tomcat-10.1.52\webapps\SpringMvcHelloWorld\META-INF] could not be completely deleted. The presence of the remaining files may cause problems
20-Mar-2026 09:35:56.995 SEVERE [Catalina-utility-1] org.apache.catalina.startup.ExpandWar.deleteDir [C:\Users\ashwi\OneDrive\Documents\SpringMvcHelloWorld1\apache-tomcat-10.1.52\webapps\SpringMvcHelloWorld\WEB-INF\classes\com\example\controller] could not be completely deleted. The presence of the remaining files may cause problems
20-Mar-2026 09:35:56.995 SEVERE [Catalina-utility-1] org.apache.catalina.startup.ExpandWar.deleteDir [C:\Users\ashwi\OneDrive\Documents\SpringMvcHelloWorld1\apache-tomcat-10.1.52\webapps\SpringMvcHelloWorld\WEB-INF\classes\com\example] could not be completely deleted. The presence of the remaining files may cause problems
20-Mar-2026 09:35:56.995 SEVERE [Catalina-utility-1] org.apache.catalina.startup.ExpandWar.deleteDir [C:\Users\ashwi\OneDrive\Documents\SpringMvcHelloWorld1\apache-tomcat-10.1.52\webapps\SpringMvcHelloWorld\WEB-INF\classes\com] could not be completely deleted. The presence of the remaining files may cause problems
20-Mar-2026 09:35:56.995 SEVERE [Catalina-utility-1] org.apache.catalina.startup.ExpandWar.deleteDir [C:\Users\ashwi\OneDrive\Documents\SpringMvcHelloWorld1\apache-tomcat-10.1.52\webapps\SpringMvcHelloWorld\WEB-INF\classes] could not be completely deleted. The presence of the remaining files may cause problems
20-Mar-2026 09:35:56.995 SEVERE [Catalina-utility-1] org.apache.catalina.startup.ExpandWar.deleteDir [C:\Users\ashwi\OneDrive\Documents\SpringMvcHelloWorld1\apache-tomcat-10.1.52\webapps\SpringMvcHelloWorld\WEB-INF\lib] could not be completely deleted. The presence of the remaining files may cause problems
20-Mar-2026 09:35:56.995 SEVERE [Catalina-utility-1] org.apache.catalina.startup.ExpandWar.deleteDir [C:\Users\ashwi\OneDrive\Documents\SpringMvcHelloWorld1\apache-tomcat-10.1.52\webapps\SpringMvcHelloWorld\WEB-INF\views] could not be completely deleted. The presence of the remaining files may cause problems
20-Mar-2026 09:35:56.995 SEVERE [Catalina-utility-1] org.apache.catalina.startup.ExpandWar.deleteDir [C:\Users\ashwi\OneDrive\Documents\SpringMvcHelloWorld1\apache-tomcat-10.1.52\webapps\SpringMvcHelloWorld\WEB-INF] could not be completely deleted. The presence of the remaining files may cause problems
20-Mar-2026 09:35:56.995 SEVERE [Catalina-utility-1] org.apache.catalina.startup.ExpandWar.deleteDir [C:\Users\ashwi\OneDrive\Documents\SpringMvcHelloWorld1\apache-tomcat-10.1.52\webapps\SpringMvcHelloWorld] could not be completely deleted. The presence of the remaining files may cause problems
20-Mar-2026 09:35:56.995 SEVERE [Catalina-utility-1] org.apache.catalina.startup.ExpandWar.delete [C:\Users\ashwi\OneDrive\Documents\SpringMvcHelloWorld1\apache-tomcat-10.1.52\webapps\SpringMvcHelloWorld] could not be completely deleted. The presence of the remaining files may cause problems
20-Mar-2026 09:35:57.013 INFO [Catalina-utility-1] org.apache.catalina.startup.HostConfig.deployWAR Deploying web application archive [C:\Users\ashwi\OneDrive\Documents\SpringMvcHelloWorld1\apache-tomcat-10.1.52\webapps\SpringMvcHelloWorld.war]
20-Mar-2026 09:35:57.104 INFO [Catalina-utility-1] org.apache.catalina.startup.HostConfig.deployWAR Deployment of web application archive [C:\Users\ashwi\OneDrive\Documents\SpringMvcHelloWorld1\apache-tomcat-10.1.52\webapps\SpringMvcHelloWorld.war] has finished in [91] ms
20-Mar-2026 09:36:15.556 INFO [main] org.apache.catalina.startup.VersionLoggerListener.log Server version name:   Apache Tomcat/10.1.52
20-Mar-2026 09:36:15.560 INFO [main] org.apache.catalina.startup.VersionLoggerListener.log Server built:          Jan 23 2026 19:29:07 UTC
20-Mar-2026 09:36:15.562 INFO [main] org.apache.catalina.startup.VersionLoggerListener.log Server version number: 10.1.52.0
20-Mar-2026 09:36:15.562 INFO [main] org.apache.catalina.startup.VersionLoggerListener.log OS Name:               Windows 11
20-Mar-2026 09:36:15.563 INFO [main] org.apache.catalina.startup.VersionLoggerListener.log OS Version:            10.0
20-Mar-2026 09:36:15.563 INFO [main] org.apache.catalina.startup.VersionLoggerListener.log Architecture:          amd64
20-Mar-2026 09:36:15.563 INFO [main] org.apache.catalina.startup.VersionLoggerListener.log Java Home:             C:\Program Files\Java\jdk-25.0.2
20-Mar-2026 09:36:15.563 INFO [main] org.apache.catalina.startup.VersionLoggerListener.log JVM Version:           25.0.2+10-LTS-69
20-Mar-2026 09:36:15.563 INFO [main] org.apache.catalina.startup.VersionLoggerListener.log JVM Vendor:            Oracle Corporation
20-Mar-2026 09:36:15.564 INFO [main] org.apache.catalina.startup.VersionLoggerListener.log CATALINA_BASE:         C:\Users\ashwi\OneDrive\Documents\SpringMvcHelloWorld1\apache-tomcat-10.1.52
20-Mar-2026 09:36:15.564 INFO [main] org.apache.catalina.startup.VersionLoggerListener.log CATALINA_HOME:         C:\Users\ashwi\OneDrive\Documents\SpringMvcHelloWorld1\apache-tomcat-10.1.52
20-Mar-2026 09:36:15.592 INFO [main] org.apache.catalina.startup.VersionLoggerListener.log Command line argument: -Djava.util.logging.config.file=C:\Users\ashwi\OneDrive\Documents\SpringMvcHelloWorld1\apache-tomcat-10.1.52\conf\logging.properties
20-Mar-2026 09:36:15.592 INFO [main] org.apache.catalina.startup.VersionLoggerListener.log Command line argument: -Djava.util.logging.manager=org.apache.juli.ClassLoaderLogManager
20-Mar-2026 09:36:15.593 INFO [main] org.apache.catalina.startup.VersionLoggerListener.log Command line argument: -Djdk.tls.ephemeralDHKeySize=2048
20-Mar-2026 09:36:15.593 INFO [main] org.apache.catalina.startup.VersionLoggerListener.log Command line argument: -Djava.protocol.handler.pkgs=org.apache.catalina.webresources
20-Mar-2026 09:36:15.593 INFO [main] org.apache.catalina.startup.VersionLoggerListener.log Command line argument: -Dsun.io.useCanonCaches=false
20-Mar-2026 09:36:15.594 INFO [main] org.apache.catalina.startup.VersionLoggerListener.log Command line argument: --add-opens=java.base/java.lang=ALL-UNNAMED
20-Mar-2026 09:36:15.594 INFO [main] org.apache.catalina.startup.VersionLoggerListener.log Command line argument: --add-opens=java.base/java.lang.reflect=ALL-UNNAMED
20-Mar-2026 09:36:15.594 INFO [main] org.apache.catalina.startup.VersionLoggerListener.log Command line argument: --add-opens=java.base/java.io=ALL-UNNAMED
20-Mar-2026 09:36:15.594 INFO [main] org.apache.catalina.startup.VersionLoggerListener.log Command line argument: --add-opens=java.base/java.util=ALL-UNNAMED
20-Mar-2026 09:36:15.594 INFO [main] org.apache.catalina.startup.VersionLoggerListener.log Command line argument: --add-opens=java.base/java.util.concurrent=ALL-UNNAMED
20-Mar-2026 09:36:15.595 INFO [main] org.apache.catalina.startup.VersionLoggerListener.log Command line argument: --add-opens=java.rmi/sun.rmi.transport=ALL-UNNAMED
20-Mar-2026 09:36:15.595 INFO [main] org.apache.catalina.startup.VersionLoggerListener.log Command line argument: -Dcatalina.base=C:\Users\ashwi\OneDrive\Documents\SpringMvcHelloWorld1\apache-tomcat-10.1.52
20-Mar-2026 09:36:15.595 INFO [main] org.apache.catalina.startup.VersionLoggerListener.log Command line argument: -Dcatalina.home=C:\Users\ashwi\OneDrive\Documents\SpringMvcHelloWorld1\apache-tomcat-10.1.52
20-Mar-2026 09:36:15.596 INFO [main] org.apache.catalina.startup.VersionLoggerListener.log Command line argument: -Djava.io.tmpdir=C:\Users\ashwi\OneDrive\Documents\SpringMvcHelloWorld1\apache-tomcat-10.1.52\temp
20-Mar-2026 09:36:15.609 INFO [main] org.apache.catalina.core.AprLifecycleListener.lifecycleEvent The Apache Tomcat Native library which allows using OpenSSL was not found on the java.library.path: [C:\Program Files\Java\jdk-25.0.2\bin;C:\WINDOWS\Sun\Java\bin;C:\WINDOWS\system32;C:\WINDOWS;C:\Program Files\Common Files\Oracle\Java\javapath;C:\Program Files\Eclipse Adoptium\jdk-17.0.17.10-hotspot\bin;C:\Python314\Scripts\;C:\Python314\;C:\WINDOWS\system32;C:\WINDOWS;C:\WINDOWS\System32\Wbem;C:\WINDOWS\System32\WindowsPowerShell\v1.0\;C:\WINDOWS\System32\OpenSSH\;C:\Program Files (x86)\Microsoft SQL Server\160\Tools\Binn\;C:\Program Files\Microsoft SQL Server\160\Tools\Binn\;C:\Program Files\Microsoft SQL Server\Client SDK\ODBC\170\Tools\Binn\;C:\Program Files\Microsoft SQL Server\160\DTS\Binn\;D:\bin;D:\Git\cmd;D:\NodeJS\;C:\ProgramData\chocolatey\bin;C:\Program Files\apache-maven-3.9.14\bin;C:\Users\ashwi\AppData\Local\Microsoft\WindowsApps;C:\Users\ashwi\AppData\Local\Programs\Microsoft VS Code\bin;C:\Program Files\Azure Data Studio\bin;C:\MinGW\bin;C:\Users\ashwi\AppData\Roaming\npm;C:\Users\ashwi\AppData\Local\Android\Sdk\platform-tools;C:\Users\ashwi\AppData\Local\Programs\Antigravity\bin;.]
20-Mar-2026 09:36:16.017 INFO [main] org.apache.coyote.AbstractProtocol.init Initializing ProtocolHandler ["http-nio-8080"]
20-Mar-2026 09:36:16.061 INFO [main] org.apache.catalina.startup.Catalina.load Server initialization in [759] milliseconds
20-Mar-2026 09:36:16.139 INFO [main] org.apache.catalina.core.StandardService.startInternal Starting service [Catalina]
20-Mar-2026 09:36:16.140 INFO [main] org.apache.catalina.core.StandardEngine.startInternal Starting Servlet engine: [Apache Tomcat/10.1.52]
20-Mar-2026 09:36:16.196 INFO [main] org.apache.catalina.startup.HostConfig.deployWAR Deploying web application archive [C:\Users\ashwi\OneDrive\Documents\SpringMvcHelloWorld1\apache-tomcat-10.1.52\webapps\SpringMvcHelloWorld.war]
20-Mar-2026 09:36:16.729 INFO [main] org.apache.catalina.startup.HostConfig.deployWAR Deployment of web application archive [C:\Users\ashwi\OneDrive\Documents\SpringMvcHelloWorld1\apache-tomcat-10.1.52\webapps\SpringMvcHelloWorld.war] has finished in [529] ms
20-Mar-2026 09:36:16.730 INFO [main] org.apache.catalina.startup.HostConfig.deployDirectory Deploying web application directory [C:\Users\ashwi\OneDrive\Documents\SpringMvcHelloWorld1\apache-tomcat-10.1.52\webapps\docs]
20-Mar-2026 09:36:16.811 INFO [main] org.apache.catalina.startup.HostConfig.deployDirectory Deployment of web application directory [C:\Users\ashwi\OneDrive\Documents\SpringMvcHelloWorld1\apache-tomcat-10.1.52\webapps\docs] has finished in [80] ms
20-Mar-2026 09:36:16.811 INFO [main] org.apache.catalina.startup.HostConfig.deployDirectory Deploying web application directory [C:\Users\ashwi\OneDrive\Documents\SpringMvcHelloWorld1\apache-tomcat-10.1.52\webapps\examples]
20-Mar-2026 09:36:17.895 INFO [main] org.apache.catalina.startup.HostConfig.deployDirectory Deployment of web application directory [C:\Users\ashwi\OneDrive\Documents\SpringMvcHelloWorld1\apache-tomcat-10.1.52\webapps\examples] has finished in [1,083] ms
20-Mar-2026 09:36:17.895 INFO [main] org.apache.catalina.startup.HostConfig.deployDirectory Deploying web application directory [C:\Users\ashwi\OneDrive\Documents\SpringMvcHelloWorld1\apache-tomcat-10.1.52\webapps\host-manager]
20-Mar-2026 09:36:18.001 INFO [main] org.apache.catalina.startup.HostConfig.deployDirectory Deployment of web application directory [C:\Users\ashwi\OneDrive\Documents\SpringMvcHelloWorld1\apache-tomcat-10.1.52\webapps\host-manager] has finished in [105] ms
20-Mar-2026 09:36:18.001 INFO [main] org.apache.catalina.startup.HostConfig.deployDirectory Deploying web application directory [C:\Users\ashwi\OneDrive\Documents\SpringMvcHelloWorld1\apache-tomcat-10.1.52\webapps\manager]
20-Mar-2026 09:36:18.090 INFO [main] org.apache.catalina.startup.HostConfig.deployDirectory Deployment of web application directory [C:\Users\ashwi\OneDrive\Documents\SpringMvcHelloWorld1\apache-tomcat-10.1.52\webapps\manager] has finished in [88] ms
20-Mar-2026 09:36:18.090 INFO [main] org.apache.catalina.startup.HostConfig.deployDirectory Deploying web application directory [C:\Users\ashwi\OneDrive\Documents\SpringMvcHelloWorld1\apache-tomcat-10.1.52\webapps\ROOT]
20-Mar-2026 09:36:18.152 INFO [main] org.apache.catalina.startup.HostConfig.deployDirectory Deployment of web application directory [C:\Users\ashwi\OneDrive\Documents\SpringMvcHelloWorld1\apache-tomcat-10.1.52\webapps\ROOT] has finished in [61] ms
20-Mar-2026 09:36:18.160 INFO [main] org.apache.coyote.AbstractProtocol.start Starting ProtocolHandler ["http-nio-8080"]
20-Mar-2026 09:36:18.204 INFO [main] org.apache.catalina.startup.Catalina.start Server startup in [2139] milliseconds
20-Mar-2026 09:42:29.362 INFO [Catalina-utility-2] org.apache.catalina.startup.HostConfig.undeploy Undeploying context [/SpringMvcHelloWorld]
20-Mar-2026 09:42:29.390 SEVERE [Catalina-utility-2] org.apache.catalina.startup.ExpandWar.deleteDir [C:\Users\ashwi\OneDrive\Documents\SpringMvcHelloWorld1\apache-tomcat-10.1.52\work\Catalina\localhost\SpringMvcHelloWorld\org\apache\jsp\WEB_002dINF\views] could not be completely deleted. The presence of the remaining files may cause problems
20-Mar-2026 09:42:29.392 SEVERE [Catalina-utility-2] org.apache.catalina.startup.ExpandWar.deleteDir [C:\Users\ashwi\OneDrive\Documents\SpringMvcHelloWorld1\apache-tomcat-10.1.52\work\Catalina\localhost\SpringMvcHelloWorld\org\apache\jsp\WEB_002dINF] could not be completely deleted. The presence of the remaining files may cause problems
20-Mar-2026 09:42:29.392 SEVERE [Catalina-utility-2] org.apache.catalina.startup.ExpandWar.deleteDir [C:\Users\ashwi\OneDrive\Documents\SpringMvcHelloWorld1\apache-tomcat-10.1.52\work\Catalina\localhost\SpringMvcHelloWorld\org\apache\jsp] could not be completely deleted. The presence of the remaining files may cause problems
20-Mar-2026 09:42:29.392 SEVERE [Catalina-utility-2] org.apache.catalina.startup.ExpandWar.deleteDir [C:\Users\ashwi\OneDrive\Documents\SpringMvcHelloWorld1\apache-tomcat-10.1.52\work\Catalina\localhost\SpringMvcHelloWorld\org\apache] could not be completely deleted. The presence of the remaining files may cause problems
20-Mar-2026 09:42:29.392 SEVERE [Catalina-utility-2] org.apache.catalina.startup.ExpandWar.deleteDir [C:\Users\ashwi\OneDrive\Documents\SpringMvcHelloWorld1\apache-tomcat-10.1.52\work\Catalina\localhost\SpringMvcHelloWorld\org] could not be completely deleted. The presence of the remaining files may cause problems
20-Mar-2026 09:42:29.396 SEVERE [Catalina-utility-2] org.apache.catalina.startup.ExpandWar.deleteDir [C:\Users\ashwi\OneDrive\Documents\SpringMvcHelloWorld1\apache-tomcat-10.1.52\work\Catalina\localhost\SpringMvcHelloWorld] could not be completely deleted. The presence of the remaining files may cause problems
20-Mar-2026 09:42:29.396 SEVERE [Catalina-utility-2] org.apache.catalina.startup.ExpandWar.delete [C:\Users\ashwi\OneDrive\Documents\SpringMvcHelloWorld1\apache-tomcat-10.1.52\work\Catalina\localhost\SpringMvcHelloWorld] could not be completely deleted. The presence of the remaining files may cause problems
20-Mar-2026 09:42:29.412 INFO [Catalina-utility-2] org.apache.catalina.startup.HostConfig.deployWAR Deploying web application archive [C:\Users\ashwi\OneDrive\Documents\SpringMvcHelloWorld1\apache-tomcat-10.1.52\webapps\SpringMvcHelloWorld.war]
20-Mar-2026 09:42:33.176 INFO [Catalina-utility-2] org.apache.jasper.servlet.TldScanner.scanJars At least one JAR was scanned for TLDs yet contained no TLDs. Enable debug logging for this logger for a complete list of JARs that were scanned but no TLDs were found in them. Skipping unneeded JARs during scanning can improve startup time and JSP compilation time.
20-Mar-2026 09:42:33.748 INFO [Catalina-utility-2] org.springframework.web.servlet.FrameworkServlet.initServletBean Initializing Servlet 'dispatcher'
20-Mar-2026 09:42:37.181 INFO [Catalina-utility-2] org.springframework.web.servlet.FrameworkServlet.initServletBean Completed initialization in 3432 ms
20-Mar-2026 09:42:37.191 INFO [Catalina-utility-2] org.apache.catalina.startup.HostConfig.deployWAR Deployment of web application archive [C:\Users\ashwi\OneDrive\Documents\SpringMvcHelloWorld1\apache-tomcat-10.1.52\webapps\SpringMvcHelloWorld.war] has finished in [7,779] ms
20-Mar-2026 09:42:47.198 INFO [Catalina-utility-1] org.apache.catalina.startup.HostConfig.undeploy Undeploying context [/SpringMvcHelloWorld]
20-Mar-2026 09:42:47.214 SEVERE [Catalina-utility-1] org.apache.catalina.startup.ExpandWar.deleteDir [C:\Users\ashwi\OneDrive\Documents\SpringMvcHelloWorld1\apache-tomcat-10.1.52\work\Catalina\localhost\SpringMvcHelloWorld\org\apache\jsp\WEB_002dINF\views] could not be completely deleted. The presence of the remaining files may cause problems
20-Mar-2026 09:42:47.216 SEVERE [Catalina-utility-1] org.apache.catalina.startup.ExpandWar.deleteDir [C:\Users\ashwi\OneDrive\Documents\SpringMvcHelloWorld1\apache-tomcat-10.1.52\work\Catalina\localhost\SpringMvcHelloWorld\org\apache\jsp\WEB_002dINF] could not be completely deleted. The presence of the remaining files may cause problems
20-Mar-2026 09:42:47.217 SEVERE [Catalina-utility-1] org.apache.catalina.startup.ExpandWar.deleteDir [C:\Users\ashwi\OneDrive\Documents\SpringMvcHelloWorld1\apache-tomcat-10.1.52\work\Catalina\localhost\SpringMvcHelloWorld\org\apache\jsp] could not be completely deleted. The presence of the remaining files may cause problems
20-Mar-2026 09:42:47.218 SEVERE [Catalina-utility-1] org.apache.catalina.startup.ExpandWar.deleteDir [C:\Users\ashwi\OneDrive\Documents\SpringMvcHelloWorld1\apache-tomcat-10.1.52\work\Catalina\localhost\SpringMvcHelloWorld\org\apache] could not be completely deleted. The presence of the remaining files may cause problems
20-Mar-2026 09:42:47.219 SEVERE [Catalina-utility-1] org.apache.catalina.startup.ExpandWar.deleteDir [C:\Users\ashwi\OneDrive\Documents\SpringMvcHelloWorld1\apache-tomcat-10.1.52\work\Catalina\localhost\SpringMvcHelloWorld\org] could not be completely deleted. The presence of the remaining files may cause problems
20-Mar-2026 09:42:47.220 SEVERE [Catalina-utility-1] org.apache.catalina.startup.ExpandWar.deleteDir [C:\Users\ashwi\OneDrive\Documents\SpringMvcHelloWorld1\apache-tomcat-10.1.52\work\Catalina\localhost\SpringMvcHelloWorld] could not be completely deleted. The presence of the remaining files may cause problems
20-Mar-2026 09:42:47.220 SEVERE [Catalina-utility-1] org.apache.catalina.startup.ExpandWar.delete [C:\Users\ashwi\OneDrive\Documents\SpringMvcHelloWorld1\apache-tomcat-10.1.52\work\Catalina\localhost\SpringMvcHelloWorld] could not be completely deleted. The presence of the remaining files may cause problems
20-Mar-2026 09:43:47.394 INFO [Catalina-utility-2] org.apache.catalina.startup.HostConfig.deployWAR Deploying web application archive [C:\Users\ashwi\OneDrive\Documents\SpringMvcHelloWorld1\apache-tomcat-10.1.52\webapps\SpringMvcHelloWorld.war]
20-Mar-2026 09:43:50.667 INFO [Catalina-utility-2] org.apache.jasper.servlet.TldScanner.scanJars At least one JAR was scanned for TLDs yet contained no TLDs. Enable debug logging for this logger for a complete list of JARs that were scanned but no TLDs were found in them. Skipping unneeded JARs during scanning can improve startup time and JSP compilation time.
20-Mar-2026 09:43:51.138 INFO [Catalina-utility-2] org.springframework.web.servlet.FrameworkServlet.initServletBean Initializing Servlet 'dispatcher'
20-Mar-2026 09:43:53.754 INFO [Catalina-utility-2] org.springframework.web.servlet.FrameworkServlet.initServletBean Completed initialization in 2616 ms
20-Mar-2026 09:43:53.763 INFO [Catalina-utility-2] org.apache.catalina.startup.HostConfig.deployWAR Deployment of web application archive [C:\Users\ashwi\OneDrive\Documents\SpringMvcHelloWorld1\apache-tomcat-10.1.52\webapps\SpringMvcHelloWorld.war] has finished in [6,369] ms
20-Mar-2026 09:46:23.213 INFO [main] org.apache.catalina.startup.VersionLoggerListener.log Server version name:   Apache Tomcat/10.1.52
20-Mar-2026 09:46:23.217 INFO [main] org.apache.catalina.startup.VersionLoggerListener.log Server built:          Jan 23 2026 19:29:07 UTC
20-Mar-2026 09:46:23.218 INFO [main] org.apache.catalina.startup.VersionLoggerListener.log Server version number: 10.1.52.0
20-Mar-2026 09:46:23.218 INFO [main] org.apache.catalina.startup.VersionLoggerListener.log OS Name:               Windows 11
20-Mar-2026 09:46:23.219 INFO [main] org.apache.catalina.startup.VersionLoggerListener.log OS Version:            10.0
20-Mar-2026 09:46:23.219 INFO [main] org.apache.catalina.startup.VersionLoggerListener.log Architecture:          amd64
20-Mar-2026 09:46:23.220 INFO [main] org.apache.catalina.startup.VersionLoggerListener.log Java Home:             C:\Program Files\Java\jdk-25.0.2
20-Mar-2026 09:46:23.220 INFO [main] org.apache.catalina.startup.VersionLoggerListener.log JVM Version:           25.0.2+10-LTS-69
20-Mar-2026 09:46:23.221 INFO [main] org.apache.catalina.startup.VersionLoggerListener.log JVM Vendor:            Oracle Corporation
20-Mar-2026 09:46:23.221 INFO [main] org.apache.catalina.startup.VersionLoggerListener.log CATALINA_BASE:         C:\Users\ashwi\OneDrive\Documents\SpringMvcHelloWorld1\apache-tomcat-10.1.52
20-Mar-2026 09:46:23.222 INFO [main] org.apache.catalina.startup.VersionLoggerListener.log CATALINA_HOME:         C:\Users\ashwi\OneDrive\Documents\SpringMvcHelloWorld1\apache-tomcat-10.1.52
20-Mar-2026 09:46:23.243 INFO [main] org.apache.catalina.startup.VersionLoggerListener.log Command line argument: -Djava.util.logging.config.file=C:\Users\ashwi\OneDrive\Documents\SpringMvcHelloWorld1\apache-tomcat-10.1.52\conf\logging.properties
20-Mar-2026 09:46:23.245 INFO [main] org.apache.catalina.startup.VersionLoggerListener.log Command line argument: -Djava.util.logging.manager=org.apache.juli.ClassLoaderLogManager
20-Mar-2026 09:46:23.245 INFO [main] org.apache.catalina.startup.VersionLoggerListener.log Command line argument: -Djdk.tls.ephemeralDHKeySize=2048
20-Mar-2026 09:46:23.245 INFO [main] org.apache.catalina.startup.VersionLoggerListener.log Command line argument: -Djava.protocol.handler.pkgs=org.apache.catalina.webresources
20-Mar-2026 09:46:23.245 INFO [main] org.apache.catalina.startup.VersionLoggerListener.log Command line argument: -Dsun.io.useCanonCaches=false
20-Mar-2026 09:46:23.245 INFO [main] org.apache.catalina.startup.VersionLoggerListener.log Command line argument: --add-opens=java.base/java.lang=ALL-UNNAMED
20-Mar-2026 09:46:23.245 INFO [main] org.apache.catalina.startup.VersionLoggerListener.log Command line argument: --add-opens=java.base/java.lang.reflect=ALL-UNNAMED
20-Mar-2026 09:46:23.246 INFO [main] org.apache.catalina.startup.VersionLoggerListener.log Command line argument: --add-opens=java.base/java.io=ALL-UNNAMED
20-Mar-2026 09:46:23.246 INFO [main] org.apache.catalina.startup.VersionLoggerListener.log Command line argument: --add-opens=java.base/java.util=ALL-UNNAMED
20-Mar-2026 09:46:23.246 INFO [main] org.apache.catalina.startup.VersionLoggerListener.log Command line argument: --add-opens=java.base/java.util.concurrent=ALL-UNNAMED
20-Mar-2026 09:46:23.247 INFO [main] org.apache.catalina.startup.VersionLoggerListener.log Command line argument: --add-opens=java.rmi/sun.rmi.transport=ALL-UNNAMED
20-Mar-2026 09:46:23.247 INFO [main] org.apache.catalina.startup.VersionLoggerListener.log Command line argument: -Dcatalina.base=C:\Users\ashwi\OneDrive\Documents\SpringMvcHelloWorld1\apache-tomcat-10.1.52
20-Mar-2026 09:46:23.247 INFO [main] org.apache.catalina.startup.VersionLoggerListener.log Command line argument: -Dcatalina.home=C:\Users\ashwi\OneDrive\Documents\SpringMvcHelloWorld1\apache-tomcat-10.1.52
20-Mar-2026 09:46:23.247 INFO [main] org.apache.catalina.startup.VersionLoggerListener.log Command line argument: -Djava.io.tmpdir=C:\Users\ashwi\OneDrive\Documents\SpringMvcHelloWorld1\apache-tomcat-10.1.52\temp
20-Mar-2026 09:46:23.259 INFO [main] org.apache.catalina.core.AprLifecycleListener.lifecycleEvent The Apache Tomcat Native library which allows using OpenSSL was not found on the java.library.path: [C:\Program Files\Java\jdk-25.0.2\bin;C:\WINDOWS\Sun\Java\bin;C:\WINDOWS\system32;C:\WINDOWS;C:\Program Files\Common Files\Oracle\Java\javapath;C:\Program Files\Eclipse Adoptium\jdk-17.0.17.10-hotspot\bin;C:\Python314\Scripts\;C:\Python314\;C:\WINDOWS\system32;C:\WINDOWS;C:\WINDOWS\System32\Wbem;C:\WINDOWS\System32\WindowsPowerShell\v1.0\;C:\WINDOWS\System32\OpenSSH\;C:\Program Files (x86)\Microsoft SQL Server\160\Tools\Binn\;C:\Program Files\Microsoft SQL Server\160\Tools\Binn\;C:\Program Files\Microsoft SQL Server\Client SDK\ODBC\170\Tools\Binn\;C:\Program Files\Microsoft SQL Server\160\DTS\Binn\;D:\bin;D:\Git\cmd;D:\NodeJS\;C:\ProgramData\chocolatey\bin;C:\Program Files\apache-maven-3.9.14\bin;C:\Users\ashwi\AppData\Local\Microsoft\WindowsApps;C:\Users\ashwi\AppData\Local\Programs\Microsoft VS Code\bin;C:\Program Files\Azure Data Studio\bin;C:\MinGW\bin;C:\Users\ashwi\AppData\Roaming\npm;C:\Users\ashwi\AppData\Local\Android\Sdk\platform-tools;C:\Users\ashwi\AppData\Local\Programs\Antigravity\bin;.]
20-Mar-2026 09:46:23.656 INFO [main] org.apache.coyote.AbstractProtocol.init Initializing ProtocolHandler ["http-nio-8080"]
20-Mar-2026 09:46:23.703 INFO [main] org.apache.catalina.startup.Catalina.load Server initialization in [751] milliseconds
20-Mar-2026 09:46:23.791 INFO [main] org.apache.catalina.core.StandardService.startInternal Starting service [Catalina]
20-Mar-2026 09:46:23.792 INFO [main] org.apache.catalina.core.StandardEngine.startInternal Starting Servlet engine: [Apache Tomcat/10.1.52]
20-Mar-2026 09:46:23.849 INFO [main] org.apache.catalina.startup.HostConfig.deployWAR Deploying web application archive [C:\Users\ashwi\OneDrive\Documents\SpringMvcHelloWorld1\apache-tomcat-10.1.52\webapps\SpringMvcHelloWorld.war]
20-Mar-2026 09:46:27.087 INFO [main] org.apache.jasper.servlet.TldScanner.scanJars At least one JAR was scanned for TLDs yet contained no TLDs. Enable debug logging for this logger for a complete list of JARs that were scanned but no TLDs were found in them. Skipping unneeded JARs during scanning can improve startup time and JSP compilation time.
20-Mar-2026 09:46:27.563 INFO [main] org.springframework.web.servlet.FrameworkServlet.initServletBean Initializing Servlet 'dispatcher'
20-Mar-2026 09:46:29.793 INFO [main] org.springframework.web.servlet.FrameworkServlet.initServletBean Completed initialization in 2228 ms
20-Mar-2026 09:46:29.821 INFO [main] org.apache.catalina.startup.HostConfig.deployWAR Deployment of web application archive [C:\Users\ashwi\OneDrive\Documents\SpringMvcHelloWorld1\apache-tomcat-10.1.52\webapps\SpringMvcHelloWorld.war] has finished in [5,961] ms
20-Mar-2026 09:46:29.822 INFO [main] org.apache.catalina.startup.HostConfig.deployDirectory Deploying web application directory [C:\Users\ashwi\OneDrive\Documents\SpringMvcHelloWorld1\apache-tomcat-10.1.52\webapps\docs]
20-Mar-2026 09:46:29.904 INFO [main] org.apache.catalina.startup.HostConfig.deployDirectory Deployment of web application directory [C:\Users\ashwi\OneDrive\Documents\SpringMvcHelloWorld1\apache-tomcat-10.1.52\webapps\docs] has finished in [82] ms
20-Mar-2026 09:46:29.904 INFO [main] org.apache.catalina.startup.HostConfig.deployDirectory Deploying web application directory [C:\Users\ashwi\OneDrive\Documents\SpringMvcHelloWorld1\apache-tomcat-10.1.52\webapps\examples]
20-Mar-2026 09:46:30.799 INFO [main] org.apache.catalina.startup.HostConfig.deployDirectory Deployment of web application directory [C:\Users\ashwi\OneDrive\Documents\SpringMvcHelloWorld1\apache-tomcat-10.1.52\webapps\examples] has finished in [894] ms
20-Mar-2026 09:46:30.799 INFO [main] org.apache.catalina.startup.HostConfig.deployDirectory Deploying web application directory [C:\Users\ashwi\OneDrive\Documents\SpringMvcHelloWorld1\apache-tomcat-10.1.52\webapps\host-manager]
20-Mar-2026 09:46:30.877 INFO [main] org.apache.catalina.startup.HostConfig.deployDirectory Deployment of web application directory [C:\Users\ashwi\OneDrive\Documents\SpringMvcHelloWorld1\apache-tomcat-10.1.52\webapps\host-manager] has finished in [78] ms
20-Mar-2026 09:46:30.878 INFO [main] org.apache.catalina.startup.HostConfig.deployDirectory Deploying web application directory [C:\Users\ashwi\OneDrive\Documents\SpringMvcHelloWorld1\apache-tomcat-10.1.52\webapps\manager]
20-Mar-2026 09:46:30.950 INFO [main] org.apache.catalina.startup.HostConfig.deployDirectory Deployment of web application directory [C:\Users\ashwi\OneDrive\Documents\SpringMvcHelloWorld1\apache-tomcat-10.1.52\webapps\manager] has finished in [72] ms
20-Mar-2026 09:46:30.951 INFO [main] org.apache.catalina.startup.HostConfig.deployDirectory Deploying web application directory [C:\Users\ashwi\OneDrive\Documents\SpringMvcHelloWorld1\apache-tomcat-10.1.52\webapps\ROOT]
20-Mar-2026 09:46:31.000 INFO [main] org.apache.catalina.startup.HostConfig.deployDirectory Deployment of web application directory [C:\Users\ashwi\OneDrive\Documents\SpringMvcHelloWorld1\apache-tomcat-10.1.52\webapps\ROOT] has finished in [49] ms
20-Mar-2026 09:46:31.007 INFO [main] org.apache.coyote.AbstractProtocol.start Starting ProtocolHandler ["http-nio-8080"]
20-Mar-2026 09:46:31.040 INFO [main] org.apache.catalina.startup.Catalina.start Server startup in [7331] milliseconds
20-Mar-2026 10:00:12.168 INFO [Catalina-utility-2] org.apache.catalina.startup.HostConfig.undeploy Undeploying context [/SpringMvcHelloWorld]
20-Mar-2026 10:00:12.274 SEVERE [Catalina-utility-2] org.apache.catalina.startup.ExpandWar.deleteDir [C:\Users\ashwi\OneDrive\Documents\SpringMvcHelloWorld1\apache-tomcat-10.1.52\work\Catalina\localhost\SpringMvcHelloWorld\org\apache\jsp\WEB_002dINF\views] could not be completely deleted. The presence of the remaining files may cause problems
20-Mar-2026 10:00:12.274 SEVERE [Catalina-utility-2] org.apache.catalina.startup.ExpandWar.deleteDir [C:\Users\ashwi\OneDrive\Documents\SpringMvcHelloWorld1\apache-tomcat-10.1.52\work\Catalina\localhost\SpringMvcHelloWorld\org\apache\jsp\WEB_002dINF] could not be completely deleted. The presence of the remaining files may cause problems
20-Mar-2026 10:00:12.274 SEVERE [Catalina-utility-2] org.apache.catalina.startup.ExpandWar.deleteDir [C:\Users\ashwi\OneDrive\Documents\SpringMvcHelloWorld1\apache-tomcat-10.1.52\work\Catalina\localhost\SpringMvcHelloWorld\org\apache\jsp] could not be completely deleted. The presence of the remaining files may cause problems
20-Mar-2026 10:00:12.280 SEVERE [Catalina-utility-2] org.apache.catalina.startup.ExpandWar.deleteDir [C:\Users\ashwi\OneDrive\Documents\SpringMvcHelloWorld1\apache-tomcat-10.1.52\work\Catalina\localhost\SpringMvcHelloWorld\org\apache] could not be completely deleted. The presence of the remaining files may cause problems
20-Mar-2026 10:00:12.280 SEVERE [Catalina-utility-2] org.apache.catalina.startup.ExpandWar.deleteDir [C:\Users\ashwi\OneDrive\Documents\SpringMvcHelloWorld1\apache-tomcat-10.1.52\work\Catalina\localhost\SpringMvcHelloWorld\org] could not be completely deleted. The presence of the remaining files may cause problems
20-Mar-2026 10:00:12.280 SEVERE [Catalina-utility-2] org.apache.catalina.startup.ExpandWar.deleteDir [C:\Users\ashwi\OneDrive\Documents\SpringMvcHelloWorld1\apache-tomcat-10.1.52\work\Catalina\localhost\SpringMvcHelloWorld] could not be completely deleted. The presence of the remaining files may cause problems
20-Mar-2026 10:00:12.280 SEVERE [Catalina-utility-2] org.apache.catalina.startup.ExpandWar.delete [C:\Users\ashwi\OneDrive\Documents\SpringMvcHelloWorld1\apache-tomcat-10.1.52\work\Catalina\localhost\SpringMvcHelloWorld] could not be completely deleted. The presence of the remaining files may cause problems
20-Mar-2026 10:00:12.296 SEVERE [Catalina-utility-2] org.apache.catalina.startup.ExpandWar.deleteDir [C:\Users\ashwi\OneDrive\Documents\SpringMvcHelloWorld1\apache-tomcat-10.1.52\webapps\SpringMvcHelloWorld\META-INF\maven\com.example\SpringMvcHelloWorld] could not be completely deleted. The presence of the remaining files may cause problems
20-Mar-2026 10:00:12.299 SEVERE [Catalina-utility-2] org.apache.catalina.startup.ExpandWar.deleteDir [C:\Users\ashwi\OneDrive\Documents\SpringMvcHelloWorld1\apache-tomcat-10.1.52\webapps\SpringMvcHelloWorld\META-INF\maven\com.example] could not be completely deleted. The presence of the remaining files may cause problems
20-Mar-2026 10:00:12.299 SEVERE [Catalina-utility-2] org.apache.catalina.startup.ExpandWar.deleteDir [C:\Users\ashwi\OneDrive\Documents\SpringMvcHelloWorld1\apache-tomcat-10.1.52\webapps\SpringMvcHelloWorld\META-INF\maven] could not be completely deleted. The presence of the remaining files may cause problems
20-Mar-2026 10:00:12.304 SEVERE [Catalina-utility-2] org.apache.catalina.startup.ExpandWar.deleteDir [C:\Users\ashwi\OneDrive\Documents\SpringMvcHelloWorld1\apache-tomcat-10.1.52\webapps\SpringMvcHelloWorld\META-INF] could not be completely deleted. The presence of the remaining files may cause problems
20-Mar-2026 10:00:12.309 SEVERE [Catalina-utility-2] org.apache.catalina.startup.ExpandWar.deleteDir [C:\Users\ashwi\OneDrive\Documents\SpringMvcHelloWorld1\apache-tomcat-10.1.52\webapps\SpringMvcHelloWorld\WEB-INF\classes\com\example\controller] could not be completely deleted. The presence of the remaining files may cause problems
20-Mar-2026 10:00:12.309 SEVERE [Catalina-utility-2] org.apache.catalina.startup.ExpandWar.deleteDir [C:\Users\ashwi\OneDrive\Documents\SpringMvcHelloWorld1\apache-tomcat-10.1.52\webapps\SpringMvcHelloWorld\WEB-INF\classes\com\example\model] could not be completely deleted. The presence of the remaining files may cause problems
20-Mar-2026 10:00:12.319 SEVERE [Catalina-utility-2] org.apache.catalina.startup.ExpandWar.deleteDir [C:\Users\ashwi\OneDrive\Documents\SpringMvcHelloWorld1\apache-tomcat-10.1.52\webapps\SpringMvcHelloWorld\WEB-INF\classes\com\example\service] could not be completely deleted. The presence of the remaining files may cause problems
20-Mar-2026 10:00:12.319 SEVERE [Catalina-utility-2] org.apache.catalina.startup.ExpandWar.deleteDir [C:\Users\ashwi\OneDrive\Documents\SpringMvcHelloWorld1\apache-tomcat-10.1.52\webapps\SpringMvcHelloWorld\WEB-INF\classes\com\example] could not be completely deleted. The presence of the remaining files may cause problems
20-Mar-2026 10:00:12.322 SEVERE [Catalina-utility-2] org.apache.catalina.startup.ExpandWar.deleteDir [C:\Users\ashwi\OneDrive\Documents\SpringMvcHelloWorld1\apache-tomcat-10.1.52\webapps\SpringMvcHelloWorld\WEB-INF\classes\com] could not be completely deleted. The presence of the remaining files may cause problems
20-Mar-2026 10:00:12.322 SEVERE [Catalina-utility-2] org.apache.catalina.startup.ExpandWar.deleteDir [C:\Users\ashwi\OneDrive\Documents\SpringMvcHelloWorld1\apache-tomcat-10.1.52\webapps\SpringMvcHelloWorld\WEB-INF\classes] could not be completely deleted. The presence of the remaining files may cause problems
20-Mar-2026 10:00:12.322 SEVERE [Catalina-utility-2] org.apache.catalina.startup.ExpandWar.deleteDir [C:\Users\ashwi\OneDrive\Documents\SpringMvcHelloWorld1\apache-tomcat-10.1.52\webapps\SpringMvcHelloWorld\WEB-INF\css] could not be completely deleted. The presence of the remaining files may cause problems
20-Mar-2026 10:00:12.354 SEVERE [Catalina-utility-2] org.apache.catalina.startup.ExpandWar.deleteDir [C:\Users\ashwi\OneDrive\Documents\SpringMvcHelloWorld1\apache-tomcat-10.1.52\webapps\SpringMvcHelloWorld\WEB-INF\lib] could not be completely deleted. The presence of the remaining files may cause problems
20-Mar-2026 10:00:12.362 SEVERE [Catalina-utility-2] org.apache.catalina.startup.ExpandWar.deleteDir [C:\Users\ashwi\OneDrive\Documents\SpringMvcHelloWorld1\apache-tomcat-10.1.52\webapps\SpringMvcHelloWorld\WEB-INF\views] could not be completely deleted. The presence of the remaining files may cause problems
20-Mar-2026 10:00:12.364 SEVERE [Catalina-utility-2] org.apache.catalina.startup.ExpandWar.deleteDir [C:\Users\ashwi\OneDrive\Documents\SpringMvcHelloWorld1\apache-tomcat-10.1.52\webapps\SpringMvcHelloWorld\WEB-INF] could not be completely deleted. The presence of the remaining files may cause problems
20-Mar-2026 10:00:12.364 SEVERE [Catalina-utility-2] org.apache.catalina.startup.ExpandWar.deleteDir [C:\Users\ashwi\OneDrive\Documents\SpringMvcHelloWorld1\apache-tomcat-10.1.52\webapps\SpringMvcHelloWorld] could not be completely deleted. The presence of the remaining files may cause problems
20-Mar-2026 10:00:12.366 SEVERE [Catalina-utility-2] org.apache.catalina.startup.ExpandWar.delete [C:\Users\ashwi\OneDrive\Documents\SpringMvcHelloWorld1\apache-tomcat-10.1.52\webapps\SpringMvcHelloWorld] could not be completely deleted. The presence of the remaining files may cause problems
20-Mar-2026 10:00:12.376 INFO [Catalina-utility-2] org.apache.catalina.startup.HostConfig.deployWAR Deploying web application archive [C:\Users\ashwi\OneDrive\Documents\SpringMvcHelloWorld1\apache-tomcat-10.1.52\webapps\SpringMvcHelloWorld.war]
20-Mar-2026 10:00:12.513 INFO [Catalina-utility-2] org.apache.catalina.startup.HostConfig.deployWAR Deployment of web application archive [C:\Users\ashwi\OneDrive\Documents\SpringMvcHelloWorld1\apache-tomcat-10.1.52\webapps\SpringMvcHelloWorld.war] has finished in [137] ms
20-Mar-2026 10:00:42.182 INFO [main] org.apache.catalina.startup.VersionLoggerListener.log Server version name:   Apache Tomcat/10.1.52
20-Mar-2026 10:00:42.186 INFO [main] org.apache.catalina.startup.VersionLoggerListener.log Server built:          Jan 23 2026 19:29:07 UTC
20-Mar-2026 10:00:42.187 INFO [main] org.apache.catalina.startup.VersionLoggerListener.log Server version number: 10.1.52.0
20-Mar-2026 10:00:42.188 INFO [main] org.apache.catalina.startup.VersionLoggerListener.log OS Name:               Windows 11
20-Mar-2026 10:00:42.188 INFO [main] org.apache.catalina.startup.VersionLoggerListener.log OS Version:            10.0
20-Mar-2026 10:00:42.189 INFO [main] org.apache.catalina.startup.VersionLoggerListener.log Architecture:          amd64
20-Mar-2026 10:00:42.189 INFO [main] org.apache.catalina.startup.VersionLoggerListener.log Java Home:             C:\Program Files\Java\jdk-25.0.2
20-Mar-2026 10:00:42.191 INFO [main] org.apache.catalina.startup.VersionLoggerListener.log JVM Version:           25.0.2+10-LTS-69
20-Mar-2026 10:00:42.191 INFO [main] org.apache.catalina.startup.VersionLoggerListener.log JVM Vendor:            Oracle Corporation
20-Mar-2026 10:00:42.191 INFO [main] org.apache.catalina.startup.VersionLoggerListener.log CATALINA_BASE:         C:\Users\ashwi\OneDrive\Documents\SpringMvcHelloWorld1\apache-tomcat-10.1.52
20-Mar-2026 10:00:42.192 INFO [main] org.apache.catalina.startup.VersionLoggerListener.log CATALINA_HOME:         C:\Users\ashwi\OneDrive\Documents\SpringMvcHelloWorld1\apache-tomcat-10.1.52
20-Mar-2026 10:00:42.220 INFO [main] org.apache.catalina.startup.VersionLoggerListener.log Command line argument: -Djava.util.logging.config.file=C:\Users\ashwi\OneDrive\Documents\SpringMvcHelloWorld1\apache-tomcat-10.1.52\conf\logging.properties
20-Mar-2026 10:00:42.221 INFO [main] org.apache.catalina.startup.VersionLoggerListener.log Command line argument: -Djava.util.logging.manager=org.apache.juli.ClassLoaderLogManager
20-Mar-2026 10:00:42.221 INFO [main] org.apache.catalina.startup.VersionLoggerListener.log Command line argument: -Djdk.tls.ephemeralDHKeySize=2048
20-Mar-2026 10:00:42.221 INFO [main] org.apache.catalina.startup.VersionLoggerListener.log Command line argument: -Djava.protocol.handler.pkgs=org.apache.catalina.webresources
20-Mar-2026 10:00:42.221 INFO [main] org.apache.catalina.startup.VersionLoggerListener.log Command line argument: -Dsun.io.useCanonCaches=false
20-Mar-2026 10:00:42.221 INFO [main] org.apache.catalina.startup.VersionLoggerListener.log Command line argument: --add-opens=java.base/java.lang=ALL-UNNAMED
20-Mar-2026 10:00:42.222 INFO [main] org.apache.catalina.startup.VersionLoggerListener.log Command line argument: --add-opens=java.base/java.lang.reflect=ALL-UNNAMED
20-Mar-2026 10:00:42.222 INFO [main] org.apache.catalina.startup.VersionLoggerListener.log Command line argument: --add-opens=java.base/java.io=ALL-UNNAMED
20-Mar-2026 10:00:42.222 INFO [main] org.apache.catalina.startup.VersionLoggerListener.log Command line argument: --add-opens=java.base/java.util=ALL-UNNAMED
20-Mar-2026 10:00:42.222 INFO [main] org.apache.catalina.startup.VersionLoggerListener.log Command line argument: --add-opens=java.base/java.util.concurrent=ALL-UNNAMED
20-Mar-2026 10:00:42.222 INFO [main] org.apache.catalina.startup.VersionLoggerListener.log Command line argument: --add-opens=java.rmi/sun.rmi.transport=ALL-UNNAMED
20-Mar-2026 10:00:42.223 INFO [main] org.apache.catalina.startup.VersionLoggerListener.log Command line argument: -Dcatalina.base=C:\Users\ashwi\OneDrive\Documents\SpringMvcHelloWorld1\apache-tomcat-10.1.52
20-Mar-2026 10:00:42.223 INFO [main] org.apache.catalina.startup.VersionLoggerListener.log Command line argument: -Dcatalina.home=C:\Users\ashwi\OneDrive\Documents\SpringMvcHelloWorld1\apache-tomcat-10.1.52
20-Mar-2026 10:00:42.223 INFO [main] org.apache.catalina.startup.VersionLoggerListener.log Command line argument: -Djava.io.tmpdir=C:\Users\ashwi\OneDrive\Documents\SpringMvcHelloWorld1\apache-tomcat-10.1.52\temp
20-Mar-2026 10:00:42.240 INFO [main] org.apache.catalina.core.AprLifecycleListener.lifecycleEvent The Apache Tomcat Native library which allows using OpenSSL was not found on the java.library.path: [C:\Program Files\Java\jdk-25.0.2\bin;C:\WINDOWS\Sun\Java\bin;C:\WINDOWS\system32;C:\WINDOWS;C:\Program Files\Common Files\Oracle\Java\javapath;C:\Program Files\Eclipse Adoptium\jdk-17.0.17.10-hotspot\bin;C:\Python314\Scripts\;C:\Python314\;C:\WINDOWS\system32;C:\WINDOWS;C:\WINDOWS\System32\Wbem;C:\WINDOWS\System32\WindowsPowerShell\v1.0\;C:\WINDOWS\System32\OpenSSH\;C:\Program Files (x86)\Microsoft SQL Server\160\Tools\Binn\;C:\Program Files\Microsoft SQL Server\160\Tools\Binn\;C:\Program Files\Microsoft SQL Server\Client SDK\ODBC\170\Tools\Binn\;C:\Program Files\Microsoft SQL Server\160\DTS\Binn\;D:\bin;D:\Git\cmd;D:\NodeJS\;C:\ProgramData\chocolatey\bin;C:\Program Files\apache-maven-3.9.14\bin;C:\Users\ashwi\AppData\Local\Microsoft\WindowsApps;C:\Users\ashwi\AppData\Local\Programs\Microsoft VS Code\bin;C:\Program Files\Azure Data Studio\bin;C:\MinGW\bin;C:\Users\ashwi\AppData\Roaming\npm;C:\Users\ashwi\AppData\Local\Android\Sdk\platform-tools;C:\Users\ashwi\AppData\Local\Programs\Antigravity\bin;.]
20-Mar-2026 10:00:42.673 INFO [main] org.apache.coyote.AbstractProtocol.init Initializing ProtocolHandler ["http-nio-8080"]
20-Mar-2026 10:00:42.721 INFO [main] org.apache.catalina.startup.Catalina.load Server initialization in [865] milliseconds
20-Mar-2026 10:00:42.826 INFO [main] org.apache.catalina.core.StandardService.startInternal Starting service [Catalina]
20-Mar-2026 10:00:42.827 INFO [main] org.apache.catalina.core.StandardEngine.startInternal Starting Servlet engine: [Apache Tomcat/10.1.52]
20-Mar-2026 10:00:42.893 INFO [main] org.apache.catalina.startup.HostConfig.deployWAR Deploying web application archive [C:\Users\ashwi\OneDrive\Documents\SpringMvcHelloWorld1\apache-tomcat-10.1.52\webapps\SpringMvcHelloWorld.war]
20-Mar-2026 10:00:43.440 INFO [main] org.apache.catalina.startup.HostConfig.deployWAR Deployment of web application archive [C:\Users\ashwi\OneDrive\Documents\SpringMvcHelloWorld1\apache-tomcat-10.1.52\webapps\SpringMvcHelloWorld.war] has finished in [543] ms
20-Mar-2026 10:00:43.441 INFO [main] org.apache.catalina.startup.HostConfig.deployDirectory Deploying web application directory [C:\Users\ashwi\OneDrive\Documents\SpringMvcHelloWorld1\apache-tomcat-10.1.52\webapps\docs]
20-Mar-2026 10:00:43.521 INFO [main] org.apache.catalina.startup.HostConfig.deployDirectory Deployment of web application directory [C:\Users\ashwi\OneDrive\Documents\SpringMvcHelloWorld1\apache-tomcat-10.1.52\webapps\docs] has finished in [80] ms
20-Mar-2026 10:00:43.521 INFO [main] org.apache.catalina.startup.HostConfig.deployDirectory Deploying web application directory [C:\Users\ashwi\OneDrive\Documents\SpringMvcHelloWorld1\apache-tomcat-10.1.52\webapps\examples]
20-Mar-2026 10:00:44.597 INFO [main] org.apache.catalina.startup.HostConfig.deployDirectory Deployment of web application directory [C:\Users\ashwi\OneDrive\Documents\SpringMvcHelloWorld1\apache-tomcat-10.1.52\webapps\examples] has finished in [1,076] ms
20-Mar-2026 10:00:44.598 INFO [main] org.apache.catalina.startup.HostConfig.deployDirectory Deploying web application directory [C:\Users\ashwi\OneDrive\Documents\SpringMvcHelloWorld1\apache-tomcat-10.1.52\webapps\host-manager]
20-Mar-2026 10:00:44.712 INFO [main] org.apache.catalina.startup.HostConfig.deployDirectory Deployment of web application directory [C:\Users\ashwi\OneDrive\Documents\SpringMvcHelloWorld1\apache-tomcat-10.1.52\webapps\host-manager] has finished in [114] ms
20-Mar-2026 10:00:44.713 INFO [main] org.apache.catalina.startup.HostConfig.deployDirectory Deploying web application directory [C:\Users\ashwi\OneDrive\Documents\SpringMvcHelloWorld1\apache-tomcat-10.1.52\webapps\manager]
20-Mar-2026 10:00:44.801 INFO [main] org.apache.catalina.startup.HostConfig.deployDirectory Deployment of web application directory [C:\Users\ashwi\OneDrive\Documents\SpringMvcHelloWorld1\apache-tomcat-10.1.52\webapps\manager] has finished in [88] ms
20-Mar-2026 10:00:44.801 INFO [main] org.apache.catalina.startup.HostConfig.deployDirectory Deploying web application directory [C:\Users\ashwi\OneDrive\Documents\SpringMvcHelloWorld1\apache-tomcat-10.1.52\webapps\ROOT]
20-Mar-2026 10:00:44.862 INFO [main] org.apache.catalina.startup.HostConfig.deployDirectory Deployment of web application directory [C:\Users\ashwi\OneDrive\Documents\SpringMvcHelloWorld1\apache-tomcat-10.1.52\webapps\ROOT] has finished in [61] ms
20-Mar-2026 10:00:44.869 INFO [main] org.apache.coyote.AbstractProtocol.start Starting ProtocolHandler ["http-nio-8080"]
20-Mar-2026 10:00:44.911 INFO [main] org.apache.catalina.startup.Catalina.start Server startup in [2185] milliseconds
20-Mar-2026 10:02:44.048 INFO [main] org.apache.catalina.startup.VersionLoggerListener.log Server version name:   Apache Tomcat/10.1.52
20-Mar-2026 10:02:44.052 INFO [main] org.apache.catalina.startup.VersionLoggerListener.log Server built:          Jan 23 2026 19:29:07 UTC
20-Mar-2026 10:02:44.053 INFO [main] org.apache.catalina.startup.VersionLoggerListener.log Server version number: 10.1.52.0
20-Mar-2026 10:02:44.053 INFO [main] org.apache.catalina.startup.VersionLoggerListener.log OS Name:               Windows 11
20-Mar-2026 10:02:44.054 INFO [main] org.apache.catalina.startup.VersionLoggerListener.log OS Version:            10.0
20-Mar-2026 10:02:44.054 INFO [main] org.apache.catalina.startup.VersionLoggerListener.log Architecture:          amd64
20-Mar-2026 10:02:44.054 INFO [main] org.apache.catalina.startup.VersionLoggerListener.log Java Home:             C:\Program Files\Java\jdk-25.0.2
20-Mar-2026 10:02:44.054 INFO [main] org.apache.catalina.startup.VersionLoggerListener.log JVM Version:           25.0.2+10-LTS-69
20-Mar-2026 10:02:44.055 INFO [main] org.apache.catalina.startup.VersionLoggerListener.log JVM Vendor:            Oracle Corporation
20-Mar-2026 10:02:44.055 INFO [main] org.apache.catalina.startup.VersionLoggerListener.log CATALINA_BASE:         C:\Users\ashwi\OneDrive\Documents\SpringMvcHelloWorld1\apache-tomcat-10.1.52
20-Mar-2026 10:02:44.056 INFO [main] org.apache.catalina.startup.VersionLoggerListener.log CATALINA_HOME:         C:\Users\ashwi\OneDrive\Documents\SpringMvcHelloWorld1\apache-tomcat-10.1.52
20-Mar-2026 10:02:44.075 INFO [main] org.apache.catalina.startup.VersionLoggerListener.log Command line argument: -Djava.util.logging.config.file=C:\Users\ashwi\OneDrive\Documents\SpringMvcHelloWorld1\apache-tomcat-10.1.52\conf\logging.properties
20-Mar-2026 10:02:44.075 INFO [main] org.apache.catalina.startup.VersionLoggerListener.log Command line argument: -Djava.util.logging.manager=org.apache.juli.ClassLoaderLogManager
20-Mar-2026 10:02:44.076 INFO [main] org.apache.catalina.startup.VersionLoggerListener.log Command line argument: -Djdk.tls.ephemeralDHKeySize=2048
20-Mar-2026 10:02:44.076 INFO [main] org.apache.catalina.startup.VersionLoggerListener.log Command line argument: -Djava.protocol.handler.pkgs=org.apache.catalina.webresources
20-Mar-2026 10:02:44.076 INFO [main] org.apache.catalina.startup.VersionLoggerListener.log Command line argument: -Dsun.io.useCanonCaches=false
20-Mar-2026 10:02:44.076 INFO [main] org.apache.catalina.startup.VersionLoggerListener.log Command line argument: --add-opens=java.base/java.lang=ALL-UNNAMED
20-Mar-2026 10:02:44.077 INFO [main] org.apache.catalina.startup.VersionLoggerListener.log Command line argument: --add-opens=java.base/java.lang.reflect=ALL-UNNAMED
20-Mar-2026 10:02:44.077 INFO [main] org.apache.catalina.startup.VersionLoggerListener.log Command line argument: --add-opens=java.base/java.io=ALL-UNNAMED
20-Mar-2026 10:02:44.077 INFO [main] org.apache.catalina.startup.VersionLoggerListener.log Command line argument: --add-opens=java.base/java.util=ALL-UNNAMED
20-Mar-2026 10:02:44.077 INFO [main] org.apache.catalina.startup.VersionLoggerListener.log Command line argument: --add-opens=java.base/java.util.concurrent=ALL-UNNAMED
20-Mar-2026 10:02:44.077 INFO [main] org.apache.catalina.startup.VersionLoggerListener.log Command line argument: --add-opens=java.rmi/sun.rmi.transport=ALL-UNNAMED
20-Mar-2026 10:02:44.078 INFO [main] org.apache.catalina.startup.VersionLoggerListener.log Command line argument: -Dcatalina.base=C:\Users\ashwi\OneDrive\Documents\SpringMvcHelloWorld1\apache-tomcat-10.1.52
20-Mar-2026 10:02:44.078 INFO [main] org.apache.catalina.startup.VersionLoggerListener.log Command line argument: -Dcatalina.home=C:\Users\ashwi\OneDrive\Documents\SpringMvcHelloWorld1\apache-tomcat-10.1.52
20-Mar-2026 10:02:44.078 INFO [main] org.apache.catalina.startup.VersionLoggerListener.log Command line argument: -Djava.io.tmpdir=C:\Users\ashwi\OneDrive\Documents\SpringMvcHelloWorld1\apache-tomcat-10.1.52\temp
20-Mar-2026 10:02:44.096 INFO [main] org.apache.catalina.core.AprLifecycleListener.lifecycleEvent The Apache Tomcat Native library which allows using OpenSSL was not found on the java.library.path: [C:\Program Files\Java\jdk-25.0.2\bin;C:\WINDOWS\Sun\Java\bin;C:\WINDOWS\system32;C:\WINDOWS;C:\Program Files\Common Files\Oracle\Java\javapath;C:\Program Files\Eclipse Adoptium\jdk-17.0.17.10-hotspot\bin;C:\Python314\Scripts\;C:\Python314\;C:\WINDOWS\system32;C:\WINDOWS;C:\WINDOWS\System32\Wbem;C:\WINDOWS\System32\WindowsPowerShell\v1.0\;C:\WINDOWS\System32\OpenSSH\;C:\Program Files (x86)\Microsoft SQL Server\160\Tools\Binn\;C:\Program Files\Microsoft SQL Server\160\Tools\Binn\;C:\Program Files\Microsoft SQL Server\Client SDK\ODBC\170\Tools\Binn\;C:\Program Files\Microsoft SQL Server\160\DTS\Binn\;D:\bin;D:\Git\cmd;D:\NodeJS\;C:\ProgramData\chocolatey\bin;C:\Program Files\apache-maven-3.9.14\bin;C:\Users\ashwi\AppData\Local\Microsoft\WindowsApps;C:\Users\ashwi\AppData\Local\Programs\Microsoft VS Code\bin;C:\Program Files\Azure Data Studio\bin;C:\MinGW\bin;C:\Users\ashwi\AppData\Roaming\npm;C:\Users\ashwi\AppData\Local\Android\Sdk\platform-tools;C:\Users\ashwi\AppData\Local\Programs\Antigravity\bin;.]
20-Mar-2026 10:02:44.504 INFO [main] org.apache.coyote.AbstractProtocol.init Initializing ProtocolHandler ["http-nio-8080"]
20-Mar-2026 10:02:44.550 INFO [main] org.apache.catalina.startup.Catalina.load Server initialization in [753] milliseconds
20-Mar-2026 10:02:44.632 INFO [main] org.apache.catalina.core.StandardService.startInternal Starting service [Catalina]
20-Mar-2026 10:02:44.633 INFO [main] org.apache.catalina.core.StandardEngine.startInternal Starting Servlet engine: [Apache Tomcat/10.1.52]
20-Mar-2026 10:02:44.694 INFO [main] org.apache.catalina.startup.HostConfig.deployWAR Deploying web application archive [C:\Users\ashwi\OneDrive\Documents\SpringMvcHelloWorld1\apache-tomcat-10.1.52\webapps\SpringMvcHelloWorld.war]
20-Mar-2026 10:02:45.219 INFO [main] org.apache.catalina.startup.HostConfig.deployWAR Deployment of web application archive [C:\Users\ashwi\OneDrive\Documents\SpringMvcHelloWorld1\apache-tomcat-10.1.52\webapps\SpringMvcHelloWorld.war] has finished in [520] ms
20-Mar-2026 10:02:45.220 INFO [main] org.apache.catalina.startup.HostConfig.deployDirectory Deploying web application directory [C:\Users\ashwi\OneDrive\Documents\SpringMvcHelloWorld1\apache-tomcat-10.1.52\webapps\docs]
20-Mar-2026 10:02:45.302 INFO [main] org.apache.catalina.startup.HostConfig.deployDirectory Deployment of web application directory [C:\Users\ashwi\OneDrive\Documents\SpringMvcHelloWorld1\apache-tomcat-10.1.52\webapps\docs] has finished in [81] ms
20-Mar-2026 10:02:45.302 INFO [main] org.apache.catalina.startup.HostConfig.deployDirectory Deploying web application directory [C:\Users\ashwi\OneDrive\Documents\SpringMvcHelloWorld1\apache-tomcat-10.1.52\webapps\examples]
20-Mar-2026 10:02:46.346 INFO [main] org.apache.catalina.startup.HostConfig.deployDirectory Deployment of web application directory [C:\Users\ashwi\OneDrive\Documents\SpringMvcHelloWorld1\apache-tomcat-10.1.52\webapps\examples] has finished in [1,043] ms
20-Mar-2026 10:02:46.347 INFO [main] org.apache.catalina.startup.HostConfig.deployDirectory Deploying web application directory [C:\Users\ashwi\OneDrive\Documents\SpringMvcHelloWorld1\apache-tomcat-10.1.52\webapps\host-manager]
20-Mar-2026 10:02:46.461 INFO [main] org.apache.catalina.startup.HostConfig.deployDirectory Deployment of web application directory [C:\Users\ashwi\OneDrive\Documents\SpringMvcHelloWorld1\apache-tomcat-10.1.52\webapps\host-manager] has finished in [114] ms
20-Mar-2026 10:02:46.462 INFO [main] org.apache.catalina.startup.HostConfig.deployDirectory Deploying web application directory [C:\Users\ashwi\OneDrive\Documents\SpringMvcHelloWorld1\apache-tomcat-10.1.52\webapps\manager]
20-Mar-2026 10:02:46.546 INFO [main] org.apache.catalina.startup.HostConfig.deployDirectory Deployment of web application directory [C:\Users\ashwi\OneDrive\Documents\SpringMvcHelloWorld1\apache-tomcat-10.1.52\webapps\manager] has finished in [84] ms
20-Mar-2026 10:02:46.547 INFO [main] org.apache.catalina.startup.HostConfig.deployDirectory Deploying web application directory [C:\Users\ashwi\OneDrive\Documents\SpringMvcHelloWorld1\apache-tomcat-10.1.52\webapps\ROOT]
20-Mar-2026 10:02:46.612 INFO [main] org.apache.catalina.startup.HostConfig.deployDirectory Deployment of web application directory [C:\Users\ashwi\OneDrive\Documents\SpringMvcHelloWorld1\apache-tomcat-10.1.52\webapps\ROOT] has finished in [65] ms
20-Mar-2026 10:02:46.619 INFO [main] org.apache.coyote.AbstractProtocol.start Starting ProtocolHandler ["http-nio-8080"]
20-Mar-2026 10:02:46.657 INFO [main] org.apache.catalina.startup.Catalina.start Server startup in [2101] milliseconds
20-Mar-2026 10:07:37.754 INFO [Catalina-utility-2] org.apache.catalina.startup.HostConfig.undeploy Undeploying context [/SpringMvcHelloWorld]
20-Mar-2026 10:07:37.823 SEVERE [Catalina-utility-2] org.apache.catalina.startup.ExpandWar.deleteDir [C:\Users\ashwi\OneDrive\Documents\SpringMvcHelloWorld1\apache-tomcat-10.1.52\work\Catalina\localhost\SpringMvcHelloWorld\org\apache\jsp\WEB_002dINF\views] could not be completely deleted. The presence of the remaining files may cause problems
20-Mar-2026 10:07:37.824 SEVERE [Catalina-utility-2] org.apache.catalina.startup.ExpandWar.deleteDir [C:\Users\ashwi\OneDrive\Documents\SpringMvcHelloWorld1\apache-tomcat-10.1.52\work\Catalina\localhost\SpringMvcHelloWorld\org\apache\jsp\WEB_002dINF] could not be completely deleted. The presence of the remaining files may cause problems
20-Mar-2026 10:07:37.826 SEVERE [Catalina-utility-2] org.apache.catalina.startup.ExpandWar.deleteDir [C:\Users\ashwi\OneDrive\Documents\SpringMvcHelloWorld1\apache-tomcat-10.1.52\work\Catalina\localhost\SpringMvcHelloWorld\org\apache\jsp] could not be completely deleted. The presence of the remaining files may cause problems
20-Mar-2026 10:07:37.828 SEVERE [Catalina-utility-2] org.apache.catalina.startup.ExpandWar.deleteDir [C:\Users\ashwi\OneDrive\Documents\SpringMvcHelloWorld1\apache-tomcat-10.1.52\work\Catalina\localhost\SpringMvcHelloWorld\org\apache] could not be completely deleted. The presence of the remaining files may cause problems
20-Mar-2026 10:07:37.830 SEVERE [Catalina-utility-2] org.apache.catalina.startup.ExpandWar.deleteDir [C:\Users\ashwi\OneDrive\Documents\SpringMvcHelloWorld1\apache-tomcat-10.1.52\work\Catalina\localhost\SpringMvcHelloWorld\org] could not be completely deleted. The presence of the remaining files may cause problems
20-Mar-2026 10:07:37.831 SEVERE [Catalina-utility-2] org.apache.catalina.startup.ExpandWar.deleteDir [C:\Users\ashwi\OneDrive\Documents\SpringMvcHelloWorld1\apache-tomcat-10.1.52\work\Catalina\localhost\SpringMvcHelloWorld] could not be completely deleted. The presence of the remaining files may cause problems
20-Mar-2026 10:07:37.831 SEVERE [Catalina-utility-2] org.apache.catalina.startup.ExpandWar.delete [C:\Users\ashwi\OneDrive\Documents\SpringMvcHelloWorld1\apache-tomcat-10.1.52\work\Catalina\localhost\SpringMvcHelloWorld] could not be completely deleted. The presence of the remaining files may cause problems
20-Mar-2026 10:12:13.937 INFO [main] org.apache.catalina.startup.VersionLoggerListener.log Server version name:   Apache Tomcat/10.1.52
20-Mar-2026 10:12:13.941 INFO [main] org.apache.catalina.startup.VersionLoggerListener.log Server built:          Jan 23 2026 19:29:07 UTC
20-Mar-2026 10:12:13.941 INFO [main] org.apache.catalina.startup.VersionLoggerListener.log Server version number: 10.1.52.0
20-Mar-2026 10:12:13.942 INFO [main] org.apache.catalina.startup.VersionLoggerListener.log OS Name:               Windows 11
20-Mar-2026 10:12:13.942 INFO [main] org.apache.catalina.startup.VersionLoggerListener.log OS Version:            10.0
20-Mar-2026 10:12:13.943 INFO [main] org.apache.catalina.startup.VersionLoggerListener.log Architecture:          amd64
20-Mar-2026 10:12:13.943 INFO [main] org.apache.catalina.startup.VersionLoggerListener.log Java Home:             C:\Program Files\Java\jdk-25.0.2
20-Mar-2026 10:12:13.945 INFO [main] org.apache.catalina.startup.VersionLoggerListener.log JVM Version:           25.0.2+10-LTS-69
20-Mar-2026 10:12:13.945 INFO [main] org.apache.catalina.startup.VersionLoggerListener.log JVM Vendor:            Oracle Corporation
20-Mar-2026 10:12:13.946 INFO [main] org.apache.catalina.startup.VersionLoggerListener.log CATALINA_BASE:         C:\Users\ashwi\OneDrive\Documents\SpringMvcHelloWorld1\apache-tomcat-10.1.52
20-Mar-2026 10:12:13.946 INFO [main] org.apache.catalina.startup.VersionLoggerListener.log CATALINA_HOME:         C:\Users\ashwi\OneDrive\Documents\SpringMvcHelloWorld1\apache-tomcat-10.1.52
20-Mar-2026 10:12:13.970 INFO [main] org.apache.catalina.startup.VersionLoggerListener.log Command line argument: -Djava.util.logging.config.file=C:\Users\ashwi\OneDrive\Documents\SpringMvcHelloWorld1\apache-tomcat-10.1.52\conf\logging.properties
20-Mar-2026 10:12:13.971 INFO [main] org.apache.catalina.startup.VersionLoggerListener.log Command line argument: -Djava.util.logging.manager=org.apache.juli.ClassLoaderLogManager
20-Mar-2026 10:12:13.971 INFO [main] org.apache.catalina.startup.VersionLoggerListener.log Command line argument: -Djdk.tls.ephemeralDHKeySize=2048
20-Mar-2026 10:12:13.971 INFO [main] org.apache.catalina.startup.VersionLoggerListener.log Command line argument: -Djava.protocol.handler.pkgs=org.apache.catalina.webresources
20-Mar-2026 10:12:13.971 INFO [main] org.apache.catalina.startup.VersionLoggerListener.log Command line argument: -Dsun.io.useCanonCaches=false
20-Mar-2026 10:12:13.971 INFO [main] org.apache.catalina.startup.VersionLoggerListener.log Command line argument: --add-opens=java.base/java.lang=ALL-UNNAMED
20-Mar-2026 10:12:13.972 INFO [main] org.apache.catalina.startup.VersionLoggerListener.log Command line argument: --add-opens=java.base/java.lang.reflect=ALL-UNNAMED
20-Mar-2026 10:12:13.972 INFO [main] org.apache.catalina.startup.VersionLoggerListener.log Command line argument: --add-opens=java.base/java.io=ALL-UNNAMED
20-Mar-2026 10:12:13.972 INFO [main] org.apache.catalina.startup.VersionLoggerListener.log Command line argument: --add-opens=java.base/java.util=ALL-UNNAMED
20-Mar-2026 10:12:13.972 INFO [main] org.apache.catalina.startup.VersionLoggerListener.log Command line argument: --add-opens=java.base/java.util.concurrent=ALL-UNNAMED
20-Mar-2026 10:12:13.972 INFO [main] org.apache.catalina.startup.VersionLoggerListener.log Command line argument: --add-opens=java.rmi/sun.rmi.transport=ALL-UNNAMED
20-Mar-2026 10:12:13.972 INFO [main] org.apache.catalina.startup.VersionLoggerListener.log Command line argument: -Dcatalina.base=C:\Users\ashwi\OneDrive\Documents\SpringMvcHelloWorld1\apache-tomcat-10.1.52
20-Mar-2026 10:12:13.973 INFO [main] org.apache.catalina.startup.VersionLoggerListener.log Command line argument: -Dcatalina.home=C:\Users\ashwi\OneDrive\Documents\SpringMvcHelloWorld1\apache-tomcat-10.1.52
20-Mar-2026 10:12:13.973 INFO [main] org.apache.catalina.startup.VersionLoggerListener.log Command line argument: -Djava.io.tmpdir=C:\Users\ashwi\OneDrive\Documents\SpringMvcHelloWorld1\apache-tomcat-10.1.52\temp
20-Mar-2026 10:12:13.986 INFO [main] org.apache.catalina.core.AprLifecycleListener.lifecycleEvent The Apache Tomcat Native library which allows using OpenSSL was not found on the java.library.path: [C:\Program Files\Java\jdk-25.0.2\bin;C:\WINDOWS\Sun\Java\bin;C:\WINDOWS\system32;C:\WINDOWS;C:\Program Files\Common Files\Oracle\Java\javapath;C:\Program Files\Eclipse Adoptium\jdk-17.0.17.10-hotspot\bin;C:\Python314\Scripts\;C:\Python314\;C:\WINDOWS\system32;C:\WINDOWS;C:\WINDOWS\System32\Wbem;C:\WINDOWS\System32\WindowsPowerShell\v1.0\;C:\WINDOWS\System32\OpenSSH\;C:\Program Files (x86)\Microsoft SQL Server\160\Tools\Binn\;C:\Program Files\Microsoft SQL Server\160\Tools\Binn\;C:\Program Files\Microsoft SQL Server\Client SDK\ODBC\170\Tools\Binn\;C:\Program Files\Microsoft SQL Server\160\DTS\Binn\;D:\bin;D:\Git\cmd;D:\NodeJS\;C:\ProgramData\chocolatey\bin;C:\Program Files\apache-maven-3.9.14\bin;C:\Users\ashwi\AppData\Local\Microsoft\WindowsApps;C:\Users\ashwi\AppData\Local\Programs\Microsoft VS Code\bin;C:\Program Files\Azure Data Studio\bin;C:\MinGW\bin;C:\Users\ashwi\AppData\Roaming\npm;C:\Users\ashwi\AppData\Local\Android\Sdk\platform-tools;C:\Users\ashwi\AppData\Local\Programs\Antigravity\bin;.]
20-Mar-2026 10:12:14.361 INFO [main] org.apache.coyote.AbstractProtocol.init Initializing ProtocolHandler ["http-nio-8080"]
20-Mar-2026 10:12:14.396 INFO [main] org.apache.catalina.startup.Catalina.load Server initialization in [735] milliseconds
20-Mar-2026 10:12:14.475 INFO [main] org.apache.catalina.core.StandardService.startInternal Starting service [Catalina]
20-Mar-2026 10:12:14.476 INFO [main] org.apache.catalina.core.StandardEngine.startInternal Starting Servlet engine: [Apache Tomcat/10.1.52]
20-Mar-2026 10:12:14.533 INFO [main] org.apache.catalina.startup.HostConfig.deployWAR Deploying web application archive [C:\Users\ashwi\OneDrive\Documents\SpringMvcHelloWorld1\apache-tomcat-10.1.52\webapps\SpringMvcHelloWorld.war]
20-Mar-2026 10:12:18.648 INFO [main] org.apache.jasper.servlet.TldScanner.scanJars At least one JAR was scanned for TLDs yet contained no TLDs. Enable debug logging for this logger for a complete list of JARs that were scanned but no TLDs were found in them. Skipping unneeded JARs during scanning can improve startup time and JSP compilation time.
20-Mar-2026 10:12:19.481 INFO [main] org.springframework.web.servlet.FrameworkServlet.initServletBean Initializing Servlet 'dispatcher'
20-Mar-2026 10:12:22.890 INFO [main] org.springframework.web.servlet.FrameworkServlet.initServletBean Completed initialization in 3408 ms
20-Mar-2026 10:12:22.923 INFO [main] org.apache.catalina.startup.HostConfig.deployWAR Deployment of web application archive [C:\Users\ashwi\OneDrive\Documents\SpringMvcHelloWorld1\apache-tomcat-10.1.52\webapps\SpringMvcHelloWorld.war] has finished in [8,384] ms
20-Mar-2026 10:12:22.923 INFO [main] org.apache.catalina.startup.HostConfig.deployDirectory Deploying web application directory [C:\Users\ashwi\OneDrive\Documents\SpringMvcHelloWorld1\apache-tomcat-10.1.52\webapps\docs]
20-Mar-2026 10:12:23.028 INFO [main] org.apache.catalina.startup.HostConfig.deployDirectory Deployment of web application directory [C:\Users\ashwi\OneDrive\Documents\SpringMvcHelloWorld1\apache-tomcat-10.1.52\webapps\docs] has finished in [105] ms
20-Mar-2026 10:12:23.030 INFO [main] org.apache.catalina.startup.HostConfig.deployDirectory Deploying web application directory [C:\Users\ashwi\OneDrive\Documents\SpringMvcHelloWorld1\apache-tomcat-10.1.52\webapps\examples]
20-Mar-2026 10:12:24.249 INFO [main] org.apache.catalina.startup.HostConfig.deployDirectory Deployment of web application directory [C:\Users\ashwi\OneDrive\Documents\SpringMvcHelloWorld1\apache-tomcat-10.1.52\webapps\examples] has finished in [1,221] ms
20-Mar-2026 10:12:24.249 INFO [main] org.apache.catalina.startup.HostConfig.deployDirectory Deploying web application directory [C:\Users\ashwi\OneDrive\Documents\SpringMvcHelloWorld1\apache-tomcat-10.1.52\webapps\host-manager]
20-Mar-2026 10:12:24.373 INFO [main] org.apache.catalina.startup.HostConfig.deployDirectory Deployment of web application directory [C:\Users\ashwi\OneDrive\Documents\SpringMvcHelloWorld1\apache-tomcat-10.1.52\webapps\host-manager] has finished in [122] ms
20-Mar-2026 10:12:24.373 INFO [main] org.apache.catalina.startup.HostConfig.deployDirectory Deploying web application directory [C:\Users\ashwi\OneDrive\Documents\SpringMvcHelloWorld1\apache-tomcat-10.1.52\webapps\manager]
20-Mar-2026 10:12:24.488 INFO [main] org.apache.catalina.startup.HostConfig.deployDirectory Deployment of web application directory [C:\Users\ashwi\OneDrive\Documents\SpringMvcHelloWorld1\apache-tomcat-10.1.52\webapps\manager] has finished in [115] ms
20-Mar-2026 10:12:24.489 INFO [main] org.apache.catalina.startup.HostConfig.deployDirectory Deploying web application directory [C:\Users\ashwi\OneDrive\Documents\SpringMvcHelloWorld1\apache-tomcat-10.1.52\webapps\ROOT]
20-Mar-2026 10:12:24.557 INFO [main] org.apache.catalina.startup.HostConfig.deployDirectory Deployment of web application directory [C:\Users\ashwi\OneDrive\Documents\SpringMvcHelloWorld1\apache-tomcat-10.1.52\webapps\ROOT] has finished in [68] ms
20-Mar-2026 10:12:24.566 INFO [main] org.apache.coyote.AbstractProtocol.start Starting ProtocolHandler ["http-nio-8080"]
20-Mar-2026 10:12:24.618 INFO [main] org.apache.catalina.startup.Catalina.start Server startup in [10217] milliseconds
